VALUE, SEQ, DICHO
0, 0.01205, 0.00000
1, 0.01105, 0.00000
2, 0.02416, 0.00000
3, 0.00130, 0.00000
4, 0.02696, 0.00000
5, 0.01706, 0.00000
6, 0.00776, 0.00000
7, 0.02691, 0.00000
8, 0.02611, 0.00000
9, 0.01065, 0.00000
10, 0.01566, 0.00000
11, 0.00575, 0.00000
12, 0.02181, 0.00000
13, 0.00765, 0.00000
14, 0.02696, 0.00000
15, 0.02366, 0.00000
16, 0.01595, 0.00000
17, 0.02364, 0.00000
18, 0.02481, 0.00000
19, 0.01425, 0.00000
20, 0.02441, 0.00000
21, 0.00270, 0.00000
22, 0.01864, 0.00000
23, 0.00595, 0.00000
24, 0.02480, 0.00000
25, 0.00951, 0.00000
26, 0.00895, 0.00000
27, 0.02461, 0.00000
28, 0.02321, 0.00000
29, 0.01586, 0.00000
30, 0.00195, 0.00000
31, 0.03015, 0.00000
32, 0.00430, 0.00000
33, 0.02506, 0.00000
34, 0.01766, 0.00000
35, 0.02522, 0.00000
36, 0.01296, 0.00000
37, 0.02289, 0.00000
38, 0.01260, 0.00000
39, 0.00290, 0.00000
40, 0.00200, 0.00000
41, 0.02312, 0.00000
42, 0.00316, 0.00000
43, 0.00200, 0.00000
44, 0.02284, 0.00000
45, 0.00931, 0.00000
46, 0.02486, 0.00000
47, 0.00070, 0.00000
48, 0.00670, 0.00000
49, 0.00895, 0.00000
50, 0.00100, 0.00000
51, 0.02276, 0.00000
52, 0.02266, 0.00000
53, 0.02020, 0.00000
54, 0.00320, 0.00000
55, 0.00515, 0.00000
56, 0.01065, 0.00000
57, 0.02050, 0.00000
58, 0.00695, 0.00000
59, 0.00340, 0.00000
60, 0.02271, 0.00000
61, 0.01961, 0.00010
62, 0.01921, 0.00000
63, 0.02307, 0.00000
64, 0.02566, 0.00000
65, 0.02306, 0.00000
66, 0.00010, 0.00000
67, 0.02336, 0.00000
68, 0.01575, 0.00000
69, 0.02459, 0.00000
70, 0.02936, 0.00000
71, 0.00310, 0.00000
72, 0.01375, 0.00000
73, 0.02423, 0.00000
74, 0.02511, 0.00000
75, 0.00471, 0.00000
76, 0.00935, 0.00000
77, 0.00650, 0.00000
78, 0.02348, 0.00000
79, 0.00927, 0.00000
80, 0.01127, 0.00000
81, 0.01135, 0.00000
82, 0.02492, 0.00000
83, 0.00030, 0.00000
84, 0.01406, 0.00000
85, 0.00120, 0.00000
86, 0.01275, 0.00000
87, 0.00985, 0.00000
88, 0.02172, 0.00000
89, 0.00921, 0.00000
90, 0.00566, 0.00010
91, 0.00520, 0.00000
92, 0.00010, 0.00000
93, 0.03189, 0.00000
94, 0.02211, 0.00000
95, 0.01025, 0.00010
96, 0.03026, 0.00000
97, 0.02520, 0.00000
98, 0.02567, 0.00000
99, 0.01972, 0.00000
100, 0.00230, 0.00000
101, 0.02292, 0.00000
102, 0.02337, 0.00000
103, 0.00180, 0.00000
104, 0.02280, 0.00010
105, 0.01691, 0.00000
106, 0.02470, 0.00000
107, 0.02386, 0.00000
108, 0.01125, 0.00000
109, 0.01275, 0.00000
110, 0.02317, 0.00000
111, 0.02336, 0.00000
112, 0.00765, 0.00000
113, 0.00710, 0.00010
114, 0.01329, 0.00000
115, 0.00900, 0.00000
116, 0.00035, 0.00000
117, 0.02257, 0.00000
118, 0.00610, 0.00000
119, 0.00965, 0.00000
120, 0.02537, 0.00000
121, 0.01951, 0.00000
122, 0.00985, 0.00000
123, 0.02252, 0.00000
124, 0.00495, 0.00000
125, 0.01555, 0.00000
126, 0.02318, 0.00010
127, 0.00456, 0.00000
128, 0.02401, 0.00000
129, 0.00675, 0.00010
130, 0.00320, 0.00000
131, 0.00539, 0.00000
132, 0.02260, 0.00000
133, 0.02393, 0.00000
134, 0.00956, 0.00000
135, 0.02366, 0.00000
136, 0.02370, 0.00010
137, 0.02296, 0.00000
138, 0.01391, 0.00000
139, 0.00200, 0.00000
140, 0.02506, 0.00000
141, 0.01505, 0.00000
142, 0.01601, 0.00000
143, 0.02492, 0.00000
144, 0.02476, 0.00000
145, 0.02726, 0.00000
146, 0.00685, 0.00000
147, 0.00455, 0.00000
148, 0.00430, 0.00000
149, 0.01570, 0.00000
150, 0.00560, 0.00000
151, 0.01115, 0.00000
152, 0.02546, 0.00000
153, 0.02466, 0.00000
154, 0.00964, 0.00000
155, 0.00625, 0.00000
156, 0.02361, 0.00000
157, 0.02546, 0.00000
158, 0.00290, 0.00000
159, 0.00130, 0.00000
160, 0.02358, 0.00000
161, 0.01821, 0.00000
162, 0.02566, 0.00000
163, 0.00486, 0.00000
164, 0.00515, 0.00000
165, 0.02470, 0.00000
166, 0.02121, 0.00000
167, 0.01561, 0.00000
168, 0.02287, 0.00000
169, 0.00020, 0.00000
170, 0.00496, 0.00000
171, 0.02368, 0.00000
172, 0.02311, 0.00000
173, 0.00400, 0.00000
174, 0.02301, 0.00000
175, 0.02261, 0.00000
176, 0.02426, 0.00000
177, 0.01336, 0.00000
178, 0.02232, 0.00000
179, 0.02446, 0.00000
180, 0.00290, 0.00000
181, 0.00785, 0.00000
182, 0.01195, 0.00010
183, 0.00160, 0.00000
184, 0.02426, 0.00000
185, 0.02056, 0.00000
186, 0.02521, 0.00000
187, 0.02477, 0.00000
188, 0.02431, 0.00000
189, 0.00020, 0.00000
190, 0.02416, 0.00010
191, 0.01495, 0.00010
192, 0.00935, 0.00000
193, 0.01801, 0.00000
194, 0.00701, 0.00000
195, 0.02280, 0.00000
196, 0.00575, 0.00000
197, 0.00436, 0.00000
198, 0.00735, 0.00000
199, 0.01656, 0.00000
200, 0.02314, 0.00000
201, 0.02272, 0.00000
202, 0.02279, 0.00000
203, 0.02270, 0.00000
204, 0.02256, 0.00000
205, 0.02271, 0.00000
206, 0.02294, 0.00010
207, 0.00090, 0.00000
208, 0.01776, 0.00010
209, 0.02406, 0.00010
210, 0.00150, 0.00000
211, 0.00875, 0.00000
212, 0.00240, 0.00010
213, 0.00330, 0.00000
214, 0.02426, 0.00000
215, 0.00350, 0.00000
216, 0.00280, 0.00000
217, 0.02292, 0.00000
218, 0.02481, 0.00000
219, 0.01801, 0.00000
220, 0.02627, 0.00000
221, 0.00211, 0.00000
222, 0.01485, 0.00000
223, 0.01193, 0.00000
224, 0.02486, 0.00000
225, 0.02600, 0.00000
226, 0.00125, 0.00000
227, 0.01105, 0.00000
228, 0.02420, 0.00000
229, 0.02324, 0.00000
230, 0.00090, 0.00000
231, 0.01541, 0.00000
232, 0.02506, 0.00000
233, 0.02240, 0.00010
234, 0.01931, 0.00000
235, 0.00300, 0.00000
236, 0.01325, 0.00000
237, 0.00010, 0.00000
238, 0.00515, 0.00000
239, 0.00120, 0.00000
240, 0.02242, 0.00000
241, 0.00675, 0.00000
242, 0.00170, 0.00000
243, 0.02256, 0.00000
244, 0.01242, 0.00000
245, 0.01165, 0.00000
246, 0.02291, 0.00000
247, 0.02293, 0.00000
248, 0.02362, 0.00000
249, 0.02081, 0.00000
250, 0.02986, 0.00000
251, 0.02090, 0.00000
252, 0.02436, 0.00000
253, 0.02653, 0.00000
254, 0.02550, 0.00000
255, 0.01717, 0.00000
256, 0.00200, 0.00000
257, 0.02526, 0.00000
258, 0.00130, 0.00000
259, 0.01874, 0.00010
260, 0.00510, 0.00000
261, 0.00535, 0.00000
262, 0.02130, 0.00000
263, 0.00685, 0.00000
264, 0.00010, 0.00000
265, 0.02421, 0.00000
266, 0.02026, 0.00000
267, 0.02457, 0.00000
268, 0.02261, 0.00000
269, 0.01940, 0.00000
270, 0.01841, 0.00000
271, 0.00770, 0.00000
272, 0.00655, 0.00000
273, 0.01419, 0.00000
274, 0.02472, 0.00000
275, 0.00595, 0.00000
276, 0.00230, 0.00000
277, 0.02480, 0.00000
278, 0.00445, 0.00000
279, 0.02456, 0.00000
280, 0.00276, 0.00000
281, 0.00890, 0.00000
282, 0.00881, 0.00000
283, 0.01741, 0.00000
284, 0.00515, 0.00000
285, 0.01365, 0.00000
286, 0.00975, 0.00000
287, 0.00200, 0.00000
288, 0.00150, 0.00000
289, 0.02393, 0.00010
290, 0.02251, 0.00000
291, 0.02399, 0.00000
292, 0.01015, 0.00000
293, 0.00355, 0.00000
294, 0.00855, 0.00010
295, 0.02425, 0.00000
296, 0.02531, 0.00000
297, 0.01732, 0.00000
298, 0.02366, 0.00000
299, 0.02462, 0.00000
300, 0.00130, 0.00000
301, 0.00955, 0.00000
302, 0.00865, 0.00000
303, 0.02322, 0.00000
304, 0.01761, 0.00000
305, 0.00505, 0.00000
306, 0.00190, 0.00000
307, 0.02322, 0.00000
308, 0.01156, 0.00000
309, 0.02462, 0.00000
310, 0.01871, 0.00000
311, 0.01645, 0.00000
312, 0.02141, 0.00000
313, 0.00304, 0.00000
314, 0.01388, 0.00000
315, 0.00200, 0.00000
316, 0.01045, 0.00000
317, 0.00050, 0.00000
318, 0.02058, 0.00010
319, 0.01170, 0.00000
320, 0.00937, 0.00000
321, 0.00730, 0.00000
322, 0.02562, 0.00000
323, 0.00040, 0.00000
324, 0.02060, 0.00000
325, 0.02528, 0.00000
326, 0.01741, 0.00000
327, 0.02406, 0.00000
328, 0.02339, 0.00000
329, 0.00750, 0.00000
330, 0.02421, 0.00000
331, 0.01226, 0.00000
332, 0.01006, 0.00000
333, 0.00781, 0.00000
334, 0.02218, 0.00000
335, 0.00785, 0.00000
336, 0.02296, 0.00000
337, 0.00465, 0.00000
338, 0.02336, 0.00000
339, 0.00795, 0.00000
340, 0.01760, 0.00000
341, 0.02408, 0.00000
342, 0.00775, 0.00000
343, 0.00565, 0.00000
344, 0.01981, 0.00000
345, 0.01895, 0.00000
346, 0.02396, 0.00000
347, 0.02468, 0.00000
348, 0.02436, 0.00000
349, 0.01111, 0.00000
350, 0.02341, 0.00000
351, 0.02481, 0.00000
352, 0.02437, 0.00000
353, 0.02577, 0.00000
354, 0.02698, 0.00000
355, 0.02616, 0.00000
356, 0.00620, 0.00000
357, 0.00750, 0.00000
358, 0.02376, 0.00000
359, 0.00976, 0.00000
360, 0.01146, 0.00000
361, 0.01181, 0.00000
362, 0.00866, 0.00000
363, 0.01295, 0.00010
364, 0.00140, 0.00000
365, 0.01046, 0.00000
366, 0.01333, 0.00000
367, 0.01315, 0.00000
368, 0.01266, 0.00000
369, 0.00180, 0.00000
370, 0.02338, 0.00000
371, 0.01275, 0.00010
372, 0.00120, 0.00000
373, 0.00963, 0.00000
374, 0.02396, 0.00000
375, 0.00900, 0.00000
376, 0.02496, 0.00000
377, 0.02094, 0.00000
378, 0.00130, 0.00000
379, 0.00781, 0.00000
380, 0.00952, 0.00000
381, 0.02665, 0.00000
382, 0.02586, 0.00000
383, 0.00895, 0.00000
384, 0.01065, 0.00000
385, 0.00353, 0.00000
386, 0.00590, 0.00000
387, 0.02506, 0.00000
388, 0.00860, 0.00000
389, 0.00715, 0.00000
390, 0.00733, 0.00000
391, 0.02480, 0.00000
392, 0.00715, 0.00000
393, 0.02486, 0.00000
394, 0.02466, 0.00000
395, 0.01425, 0.00000
396, 0.01498, 0.00000
397, 0.01286, 0.00000
398, 0.00060, 0.00000
399, 0.02457, 0.00000
400, 0.00250, 0.00000
401, 0.00010, 0.00000
402, 0.01035, 0.00000
403, 0.02133, 0.00000
404, 0.02418, 0.00000
405, 0.00840, 0.00000
406, 0.01950, 0.00000
407, 0.00435, 0.00000
408, 0.02601, 0.00000
409, 0.01297, 0.00000
410, 0.02470, 0.00000
411, 0.00619, 0.00000
412, 0.00250, 0.00000
413, 0.02246, 0.00000
414, 0.01155, 0.00000
415, 0.02481, 0.00000
416, 0.02626, 0.00000
417, 0.01742, 0.00000
418, 0.02326, 0.00000
419, 0.02647, 0.00000
420, 0.02387, 0.00000
421, 0.02533, 0.00000
422, 0.01916, 0.00000
423, 0.02584, 0.00000
424, 0.02430, 0.00000
425, 0.00515, 0.00000
426, 0.00360, 0.00000
427, 0.00370, 0.00000
428, 0.02532, 0.00000
429, 0.01580, 0.00000
430, 0.03247, 0.00000
431, 0.00360, 0.00000
432, 0.02876, 0.00000
433, 0.00795, 0.00000
434, 0.00795, 0.00000
435, 0.00240, 0.00000
436, 0.01325, 0.00000
437, 0.02010, 0.00000
438, 0.02406, 0.00000
439, 0.02281, 0.00000
440, 0.02656, 0.00000
441, 0.02546, 0.00000
442, 0.02397, 0.00000
443, 0.02447, 0.00000
444, 0.00725, 0.00000
445, 0.02535, 0.00000
446, 0.00070, 0.00000
447, 0.01540, 0.00000
448, 0.00620, 0.00000
449, 0.02521, 0.00000
450, 0.02468, 0.00010
451, 0.02576, 0.00000
452, 0.00350, 0.00000
453, 0.02091, 0.00010
454, 0.02356, 0.00000
455, 0.01655, 0.00000
456, 0.00795, 0.00000
457, 0.02116, 0.00000
458, 0.01140, 0.00000
459, 0.02051, 0.00000
460, 0.00340, 0.00000
461, 0.01450, 0.00000
462, 0.00475, 0.00000
463, 0.01235, 0.00000
464, 0.00060, 0.00000
465, 0.01860, 0.00000
466, 0.02386, 0.00000
467, 0.00705, 0.00000
468, 0.00485, 0.00000
469, 0.00130, 0.00000
470, 0.02351, 0.00000
471, 0.00975, 0.00010
472, 0.02431, 0.00000
473, 0.00355, 0.00000
474, 0.01907, 0.00000
475, 0.02260, 0.00010
476, 0.02450, 0.00000
477, 0.01065, 0.00000
478, 0.02326, 0.00000
479, 0.02317, 0.00000
480, 0.02362, 0.00000
481, 0.02262, 0.00010
482, 0.01206, 0.00000
483, 0.01186, 0.00000
484, 0.02321, 0.00000
485, 0.00526, 0.00000
486, 0.01486, 0.00000
487, 0.02086, 0.00000
488, 0.01771, 0.00000
489, 0.02184, 0.00000
490, 0.02427, 0.00000
491, 0.00895, 0.00000
492, 0.02441, 0.00000
493, 0.02468, 0.00000
494, 0.02491, 0.00000
495, 0.00386, 0.00000
496, 0.00840, 0.00000
497, 0.00705, 0.00000
498, 0.00050, 0.00000
499, 0.00684, 0.00000
500, 0.00180, 0.00000
501, 0.01621, 0.00000
502, 0.01045, 0.00000
503, 0.02144, 0.00000
504, 0.00420, 0.00000
505, 0.02681, 0.00000
506, 0.00965, 0.00000
507, 0.02490, 0.00000
508, 0.01501, 0.00000
509, 0.02427, 0.00000
510, 0.00226, 0.00000
511, 0.00710, 0.00000
512, 0.02436, 0.00000
513, 0.02387, 0.00000
514, 0.02555, 0.00000
515, 0.02380, 0.00000
516, 0.01736, 0.00000
517, 0.02462, 0.00000
518, 0.00815, 0.00000
519, 0.00475, 0.00000
520, 0.02371, 0.00000
521, 0.02441, 0.00000
522, 0.02381, 0.00000
523, 0.01265, 0.00000
524, 0.02170, 0.00000
525, 0.00230, 0.00000
526, 0.02286, 0.00010
527, 0.02410, 0.00010
528, 0.02376, 0.00000
529, 0.01105, 0.00000
530, 0.01185, 0.00000
531, 0.02361, 0.00000
532, 0.03372, 0.00000
533, 0.00715, 0.00000
534, 0.02256, 0.00000
535, 0.01350, 0.00000
536, 0.01305, 0.00000
537, 0.01152, 0.00000
538, 0.00335, 0.00000
539, 0.01820, 0.00010
540, 0.02380, 0.00000
541, 0.00010, 0.00000
542, 0.00500, 0.00000
543, 0.01952, 0.00000
544, 0.00725, 0.00000
545, 0.02551, 0.00000
546, 0.01806, 0.00000
547, 0.01502, 0.00000
548, 0.02473, 0.00000
549, 0.01981, 0.00000
550, 0.00345, 0.00000
551, 0.02156, 0.00000
552, 0.02331, 0.00000
553, 0.02377, 0.00000
554, 0.02067, 0.00000
555, 0.01605, 0.00000
556, 0.00472, 0.00000
557, 0.02521, 0.00010
558, 0.00865, 0.00000
559, 0.02321, 0.00000
560, 0.01512, 0.00000
561, 0.01780, 0.00010
562, 0.02238, 0.00000
563, 0.00705, 0.00000
564, 0.00570, 0.00000
565, 0.02495, 0.00000
566, 0.01930, 0.00000
567, 0.00100, 0.00000
568, 0.01821, 0.00000
569, 0.02521, 0.00000
570, 0.00744, 0.00000
571, 0.02581, 0.00010
572, 0.01105, 0.00000
573, 0.02511, 0.00000
574, 0.01611, 0.00000
575, 0.00310, 0.00000
576, 0.02332, 0.00000
577, 0.01916, 0.00000
578, 0.02307, 0.00000
579, 0.01885, 0.00000
580, 0.01151, 0.00000
581, 0.00335, 0.00010
582, 0.01055, 0.00000
583, 0.01821, 0.00010
584, 0.00390, 0.00000
585, 0.00265, 0.00000
586, 0.00690, 0.00000
587, 0.00296, 0.00000
588, 0.01376, 0.00000
589, 0.02350, 0.00000
590, 0.02406, 0.00000
591, 0.02296, 0.00010
592, 0.00865, 0.00000
593, 0.01736, 0.00000
594, 0.02501, 0.00000
595, 0.01335, 0.00000
596, 0.00615, 0.00000
597, 0.02200, 0.00000
598, 0.02220, 0.00010
599, 0.02475, 0.00000
600, 0.01471, 0.00000
601, 0.00305, 0.00000
602, 0.02190, 0.00000
603, 0.02440, 0.00000
604, 0.02381, 0.00000
605, 0.01625, 0.00010
606, 0.00515, 0.00000
607, 0.02399, 0.00000
608, 0.02518, 0.00000
609, 0.02432, 0.00000
610, 0.02355, 0.00000
611, 0.02451, 0.00000
612, 0.01356, 0.00000
613, 0.02371, 0.00000
614, 0.00470, 0.00000
615, 0.00160, 0.00000
616, 0.01571, 0.00000
617, 0.02449, 0.00000
618, 0.02382, 0.00000
619, 0.02331, 0.00000
620, 0.00596, 0.00000
621, 0.01276, 0.00000
622, 0.00020, 0.00010
623, 0.00926, 0.00000
624, 0.00540, 0.00000
625, 0.01847, 0.00000
626, 0.02376, 0.00000
627, 0.00680, 0.00000
628, 0.02537, 0.00000
629, 0.01085, 0.00000
630, 0.01901, 0.00000
631, 0.01820, 0.00000
632, 0.00180, 0.00000
633, 0.02552, 0.00010
634, 0.02356, 0.00000
635, 0.02371, 0.00000
636, 0.02874, 0.00000
637, 0.02542, 0.00000
638, 0.02486, 0.00000
639, 0.01425, 0.00000
640, 0.02506, 0.00000
641, 0.02606, 0.00000
642, 0.00100, 0.00000
643, 0.02080, 0.00000
644, 0.02622, 0.00000
645, 0.01501, 0.00000
646, 0.00370, 0.00000
647, 0.00905, 0.00000
648, 0.02436, 0.00000
649, 0.01760, 0.00000
650, 0.02406, 0.00000
651, 0.03561, 0.00000
652, 0.02423, 0.00000
653, 0.02550, 0.00000
654, 0.00275, 0.00000
655, 0.01063, 0.00000
656, 0.02430, 0.00000
657, 0.02476, 0.00000
658, 0.02372, 0.00000
659, 0.00510, 0.00000
660, 0.01221, 0.00010
661, 0.02317, 0.00000
662, 0.02327, 0.00000
663, 0.01195, 0.00000
664, 0.00325, 0.00000
665, 0.01816, 0.00000
666, 0.02410, 0.00000
667, 0.00885, 0.00000
668, 0.01791, 0.00000
669, 0.01232, 0.00000
670, 0.02368, 0.00000
671, 0.02516, 0.00000
672, 0.01095, 0.00000
673, 0.01365, 0.00000
674, 0.02586, 0.00000
675, 0.00665, 0.00000
676, 0.02312, 0.00000
677, 0.00170, 0.00000
678, 0.02537, 0.00000
679, 0.02292, 0.00000
680, 0.00210, 0.00000
681, 0.01365, 0.00000
682, 0.00185, 0.00000
683, 0.02112, 0.00000
684, 0.02262, 0.00000
685, 0.00885, 0.00000
686, 0.02056, 0.00000
687, 0.02481, 0.00000
688, 0.00405, 0.00000
689, 0.00470, 0.00000
690, 0.02418, 0.00000
691, 0.01145, 0.00000
692, 0.01781, 0.00000
693, 0.01849, 0.00000
694, 0.02386, 0.00000
695, 0.01731, 0.00000
696, 0.00590, 0.00000
697, 0.00120, 0.00010
698, 0.01841, 0.00000
699, 0.00260, 0.00010
700, 0.00895, 0.00000
701, 0.02455, 0.00000
702, 0.00530, 0.00000
703, 0.01206, 0.00000
704, 0.00805, 0.00000
705, 0.02396, 0.00000
706, 0.00470, 0.00000
707, 0.02501, 0.00010
708, 0.02270, 0.00000
709, 0.02340, 0.00000
710, 0.00795, 0.00000
711, 0.02200, 0.00010
712, 0.02431, 0.00000
713, 0.00430, 0.00000
714, 0.02211, 0.00000
715, 0.00815, 0.00000
716, 0.02291, 0.00000
717, 0.00495, 0.00000
718, 0.02200, 0.00000
719, 0.01085, 0.00000
720, 0.00605, 0.00000
721, 0.00371, 0.00000
722, 0.02280, 0.00000
723, 0.02316, 0.00000
724, 0.00755, 0.00000
725, 0.02481, 0.00000
726, 0.01533, 0.00000
727, 0.00190, 0.00000
728, 0.02556, 0.00000
729, 0.01848, 0.00000
730, 0.00475, 0.00000
731, 0.00720, 0.00000
732, 0.02496, 0.00000
733, 0.00190, 0.00000
734, 0.00060, 0.00000
735, 0.02291, 0.00000
736, 0.01291, 0.00000
737, 0.02439, 0.00010
738, 0.01861, 0.00000
739, 0.01446, 0.00000
740, 0.02406, 0.00000
741, 0.00756, 0.00000
742, 0.01715, 0.00000
743, 0.02071, 0.00000
744, 0.00455, 0.00000
745, 0.02491, 0.00000
746, 0.00466, 0.00000
747, 0.02490, 0.00000
748, 0.02072, 0.00000
749, 0.00465, 0.00000
750, 0.01485, 0.00000
751, 0.01241, 0.00000
752, 0.01235, 0.00000
753, 0.02080, 0.00000
754, 0.01751, 0.00000
755, 0.00200, 0.00000
756, 0.02509, 0.00000
757, 0.02453, 0.00000
758, 0.02583, 0.00000
759, 0.02131, 0.00000
760, 0.02455, 0.00000
761, 0.00905, 0.00000
762, 0.00570, 0.00000
763, 0.00476, 0.00000
764, 0.00796, 0.00010
765, 0.02290, 0.00000
766, 0.02491, 0.00010
767, 0.00275, 0.00000
768, 0.02562, 0.00000
769, 0.02286, 0.00000
770, 0.00320, 0.00000
771, 0.00020, 0.00000
772, 0.00250, 0.00000
773, 0.02436, 0.00000
774, 0.02491, 0.00000
775, 0.00616, 0.00000
776, 0.02311, 0.00000
777, 0.02321, 0.00000
778, 0.02316, 0.00000
779, 0.02336, 0.00000
780, 0.00646, 0.00000
781, 0.02361, 0.00000
782, 0.02429, 0.00000
783, 0.00986, 0.00000
784, 0.01440, 0.00010
785, 0.00400, 0.00000
786, 0.00406, 0.00000
787, 0.02330, 0.00000
788, 0.00190, 0.00000
789, 0.01390, 0.00000
790, 0.00995, 0.00000
791, 0.02346, 0.00000
792, 0.00170, 0.00000
793, 0.02100, 0.00000
794, 0.01167, 0.00000
795, 0.02395, 0.00000
796, 0.00240, 0.00000
797, 0.02502, 0.00000
798, 0.02292, 0.00000
799, 0.01065, 0.00000
800, 0.01339, 0.00000
801, 0.01045, 0.00000
802, 0.00855, 0.00000
803, 0.02326, 0.00000
804, 0.00185, 0.00000
805, 0.01086, 0.00010
806, 0.00130, 0.00000
807, 0.02512, 0.00000
808, 0.00926, 0.00000
809, 0.02557, 0.00000
810, 0.00500, 0.00000
811, 0.02246, 0.00000
812, 0.01396, 0.00000
813, 0.00050, 0.00000
814, 0.01195, 0.00000
815, 0.02436, 0.00000
816, 0.00380, 0.00000
817, 0.02482, 0.00010
818, 0.00340, 0.00000
819, 0.01205, 0.00000
820, 0.02037, 0.00000
821, 0.02318, 0.00000
822, 0.01130, 0.00000
823, 0.02282, 0.00010
824, 0.02327, 0.00000
825, 0.00535, 0.00000
826, 0.01585, 0.00000
827, 0.02496, 0.00000
828, 0.02306, 0.00000
829, 0.00565, 0.00000
830, 0.00906, 0.00000
831, 0.00600, 0.00000
832, 0.00190, 0.00000
833, 0.00375, 0.00000
834, 0.00570, 0.00000
835, 0.02492, 0.00000
836, 0.00120, 0.00000
837, 0.02311, 0.00000
838, 0.02386, 0.00000
839, 0.02340, 0.00000
840, 0.01275, 0.00010
841, 0.02566, 0.00000
842, 0.00685, 0.00000
843, 0.01156, 0.00000
844, 0.02408, 0.00000
845, 0.02321, 0.00000
846, 0.00211, 0.00000
847, 0.00520, 0.00010
848, 0.03096, 0.00000
849, 0.02781, 0.00000
850, 0.01531, 0.00000
851, 0.00140, 0.00010
852, 0.00770, 0.00010
853, 0.00715, 0.00000
854, 0.00110, 0.00000
855, 0.02471, 0.00000
856, 0.02160, 0.00000
857, 0.00815, 0.00000
858, 0.02300, 0.00000
859, 0.01015, 0.00000
860, 0.02359, 0.00000
861, 0.02051, 0.00000
862, 0.02451, 0.00000
863, 0.01095, 0.00000
864, 0.00625, 0.00000
865, 0.00854, 0.00000
866, 0.02266, 0.00000
867, 0.02566, 0.00000
868, 0.02276, 0.00000
869, 0.02110, 0.00000
870, 0.00070, 0.00000
871, 0.00630, 0.00000
872, 0.02371, 0.00000
873, 0.02131, 0.00000
874, 0.01720, 0.00000
875, 0.02440, 0.00000
876, 0.01880, 0.00000
877, 0.00675, 0.00000
878, 0.01265, 0.00000
879, 0.01540, 0.00000
880, 0.02585, 0.00000
881, 0.00450, 0.00000
882, 0.00885, 0.00010
883, 0.01952, 0.00000
884, 0.00365, 0.00000
885, 0.02291, 0.00000
886, 0.02498, 0.00000
887, 0.02316, 0.00000
888, 0.00250, 0.00000
889, 0.02303, 0.00000
890, 0.00761, 0.00000
891, 0.02496, 0.00010
892, 0.00650, 0.00000
893, 0.02316, 0.00000
894, 0.01048, 0.00000
895, 0.02320, 0.00000
896, 0.01866, 0.00000
897, 0.00845, 0.00000
898, 0.00010, 0.00000
899, 0.00050, 0.00000
900, 0.02570, 0.00000
901, 0.00325, 0.00000
902, 0.01425, 0.00000
903, 0.00340, 0.00000
904, 0.01210, 0.00000
905, 0.02321, 0.00000
906, 0.02517, 0.00000
907, 0.02366, 0.00000
908, 0.00300, 0.00000
909, 0.00585, 0.00010
910, 0.02415, 0.00000
911, 0.02411, 0.00000
912, 0.00805, 0.00000
913, 0.01610, 0.00000
914, 0.00330, 0.00000
915, 0.02313, 0.00000
916, 0.01695, 0.00000
917, 0.00346, 0.00000
918, 0.01218, 0.00000
919, 0.02470, 0.00000
920, 0.01891, 0.00000
921, 0.02071, 0.00000
922, 0.00090, 0.00000
923, 0.02318, 0.00000
924, 0.02441, 0.00000
925, 0.00070, 0.00000
926, 0.00250, 0.00000
927, 0.00915, 0.00000
928, 0.02488, 0.00000
929, 0.02440, 0.00000
930, 0.01245, 0.00010
931, 0.00465, 0.00000
932, 0.02527, 0.00000
933, 0.02467, 0.00000
934, 0.02323, 0.00000
935, 0.02337, 0.00000
936, 0.02300, 0.00000
937, 0.00490, 0.00000
938, 0.00405, 0.00000
939, 0.00430, 0.00000
940, 0.02393, 0.00000
941, 0.02540, 0.00000
942, 0.01275, 0.00000
943, 0.02166, 0.00000
944, 0.00880, 0.00000
945, 0.01941, 0.00000
946, 0.01882, 0.00000
947, 0.00190, 0.00000
948, 0.02066, 0.00010
949, 0.02480, 0.00000
950, 0.02230, 0.00000
951, 0.01310, 0.00000
952, 0.02229, 0.00000
953, 0.00955, 0.00000
954, 0.00030, 0.00000
955, 0.02290, 0.00000
956, 0.00435, 0.00000
957, 0.02090, 0.00000
958, 0.02220, 0.00010
959, 0.00070, 0.00000
960, 0.01900, 0.00000
961, 0.02371, 0.00000
962, 0.01751, 0.00000
963, 0.02038, 0.00000
964, 0.01900, 0.00010
965, 0.00050, 0.00000
966, 0.02260, 0.00000
967, 0.00705, 0.00000
968, 0.00480, 0.00000
969, 0.02226, 0.00000
970, 0.02546, 0.00010
971, 0.00755, 0.00000
972, 0.02400, 0.00000
973, 0.01536, 0.00000
974, 0.00060, 0.00000
975, 0.00220, 0.00000
976, 0.02482, 0.00000
977, 0.01565, 0.00000
978, 0.02368, 0.00000
979, 0.02511, 0.00000
980, 0.01812, 0.00000
981, 0.01076, 0.00000
982, 0.02336, 0.00000
983, 0.01541, 0.00000
984, 0.02642, 0.00000
985, 0.01240, 0.00000
986, 0.00130, 0.00000
987, 0.02020, 0.00000
988, 0.02645, 0.00000
989, 0.00010, 0.00010
990, 0.02606, 0.00000
991, 0.02489, 0.00000
992, 0.00770, 0.00000
993, 0.02296, 0.00000
994, 0.02444, 0.00000
995, 0.00596, 0.00000
996, 0.00280, 0.00000
997, 0.00170, 0.00000
998, 0.02586, 0.00000
999, 0.02340, 0.00000
1000, 0.02636, 0.00000
1001, 0.00450, 0.00000
1002, 0.02271, 0.00000
1003, 0.00786, 0.00000
1004, 0.01671, 0.00000
1005, 0.01575, 0.00000
1006, 0.02506, 0.00000
1007, 0.01690, 0.00000
1008, 0.02537, 0.00000
1009, 0.02803, 0.00000
1010, 0.02644, 0.00000
1011, 0.01625, 0.00010
1012, 0.00415, 0.00000
1013, 0.01940, 0.00000
1014, 0.00811, 0.00000
1015, 0.00146, 0.00000
1016, 0.01805, 0.00010
1017, 0.01056, 0.00000
1018, 0.02276, 0.00000
1019, 0.01475, 0.00000
1020, 0.02261, 0.00000
1021, 0.02307, 0.00000
1022, 0.00650, 0.00000
1023, 0.01065, 0.00000
1024, 0.01265, 0.00000
1025, 0.01810, 0.00000
1026, 0.02951, 0.00010
1027, 0.00761, 0.00000
1028, 0.00675, 0.00000
1029, 0.01365, 0.00000
1030, 0.01650, 0.00000
1031, 0.02531, 0.00000
1032, 0.02356, 0.00000
1033, 0.02596, 0.00000
1034, 0.01430, 0.00000
1035, 0.00420, 0.00000
1036, 0.02364, 0.00000
1037, 0.02416, 0.00000
1038, 0.00270, 0.00000
1039, 0.02546, 0.00000
1040, 0.01505, 0.00000
1041, 0.01115, 0.00000
1042, 0.01820, 0.00000
1043, 0.01401, 0.00000
1044, 0.02522, 0.00000
1045, 0.00585, 0.00000
1046, 0.02440, 0.00000
1047, 0.01115, 0.00010
1048, 0.00805, 0.00000
1049, 0.01460, 0.00000
1050, 0.00975, 0.00000
1051, 0.00630, 0.00000
1052, 0.00655, 0.00000
1053, 0.01527, 0.00000
1054, 0.01438, 0.00000
1055, 0.01225, 0.00000
1056, 0.01401, 0.00000
1057, 0.02260, 0.00000
1058, 0.00900, 0.00000
1059, 0.02130, 0.00000
1060, 0.02328, 0.00000
1061, 0.00965, 0.00000
1062, 0.00180, 0.00000
1063, 0.02366, 0.00000
1064, 0.02261, 0.00000
1065, 0.00150, 0.00000
1066, 0.02348, 0.00000
1067, 0.02625, 0.00000
1068, 0.02411, 0.00000
1069, 0.00485, 0.00000
1070, 0.02351, 0.00000
1071, 0.00545, 0.00000
1072, 0.02338, 0.00000
1073, 0.02543, 0.00000
1074, 0.00340, 0.00000
1075, 0.01315, 0.00000
1076, 0.00946, 0.00000
1077, 0.02021, 0.00000
1078, 0.00655, 0.00000
1079, 0.02290, 0.00010
1080, 0.00525, 0.00000
1081, 0.00040, 0.00000
1082, 0.00300, 0.00000
1083, 0.02360, 0.00000
1084, 0.00065, 0.00000
1085, 0.00050, 0.00000
1086, 0.02261, 0.00000
1087, 0.00735, 0.00000
1088, 0.01415, 0.00010
1089, 0.02273, 0.00000
1090, 0.00251, 0.00000
1091, 0.00010, 0.00000
1092, 0.02640, 0.00000
1093, 0.00220, 0.00000
1094, 0.00105, 0.00000
1095, 0.00820, 0.00000
1096, 0.02476, 0.00000
1097, 0.02402, 0.00000
1098, 0.02457, 0.00000
1099, 0.00120, 0.00000
1100, 0.02370, 0.00000
1101, 0.01751, 0.00000
1102, 0.02530, 0.00000
1103, 0.02457, 0.00000
1104, 0.00160, 0.00000
1105, 0.02401, 0.00000
1106, 0.00236, 0.00000
1107, 0.00080, 0.00000
1108, 0.02402, 0.00000
1109, 0.00230, 0.00000
1110, 0.02416, 0.00000
1111, 0.00210, 0.00000
1112, 0.02526, 0.00000
1113, 0.02116, 0.00000
1114, 0.01135, 0.00000
1115, 0.00735, 0.00000
1116, 0.00150, 0.00000
1117, 0.00100, 0.00000
1118, 0.02396, 0.00000
1119, 0.01015, 0.00000
1120, 0.00695, 0.00000
1121, 0.00240, 0.00000
1122, 0.02466, 0.00000
1123, 0.01940, 0.00000
1124, 0.03680, 0.00000
1125, 0.02496, 0.00000
1126, 0.02110, 0.00000
1127, 0.00100, 0.00000
1128, 0.02442, 0.00000
1129, 0.01627, 0.00000
1130, 0.01651, 0.00000
1131, 0.01536, 0.00000
1132, 0.02041, 0.00000
1133, 0.02333, 0.00000
1134, 0.01755, 0.00000
1135, 0.00110, 0.00000
1136, 0.01278, 0.00000
1137, 0.02501, 0.00000
1138, 0.01401, 0.00000
1139, 0.02432, 0.00000
1140, 0.01481, 0.00000
1141, 0.01505, 0.00000
1142, 0.00150, 0.00000
1143, 0.01432, 0.00000
1144, 0.02522, 0.00000
1145, 0.00120, 0.00000
1146, 0.02327, 0.00000
1147, 0.00955, 0.00010
1148, 0.00871, 0.00000
1149, 0.00296, 0.00000
1150, 0.01900, 0.00000
1151, 0.02321, 0.00000
1152, 0.01206, 0.00000
1153, 0.00070, 0.00000
1154, 0.02272, 0.00000
1155, 0.02151, 0.00000
1156, 0.02391, 0.00000
1157, 0.00160, 0.00000
1158, 0.00120, 0.00000
1159, 0.02336, 0.00000
1160, 0.02350, 0.00000
1161, 0.02282, 0.00000
1162, 0.02281, 0.00000
1163, 0.00550, 0.00000
1164, 0.00290, 0.00000
1165, 0.00225, 0.00000
1166, 0.02272, 0.00000
1167, 0.01445, 0.00000
1168, 0.02360, 0.00000
1169, 0.02300, 0.00000
1170, 0.00675, 0.00000
1171, 0.01890, 0.00000
1172, 0.02410, 0.00000
1173, 0.02440, 0.00010
1174, 0.02246, 0.00000
1175, 0.02250, 0.00000
1176, 0.02260, 0.00000
1177, 0.02230, 0.00000
1178, 0.00105, 0.00000
1179, 0.02431, 0.00000
1180, 0.00120, 0.00000
1181, 0.01410, 0.00000
1182, 0.02223, 0.00000
1183, 0.02506, 0.00000
1184, 0.00795, 0.00000
1185, 0.02380, 0.00000
1186, 0.02070, 0.00000
1187, 0.02256, 0.00000
1188, 0.00430, 0.00000
1189, 0.02358, 0.00000
1190, 0.01740, 0.00000
1191, 0.00260, 0.00000
1192, 0.01020, 0.00000
1193, 0.00090, 0.00000
1194, 0.00170, 0.00000
1195, 0.00000, 0.00000
1196, 0.02230, 0.00000
1197, 0.00795, 0.00000
1198, 0.00815, 0.00000
1199, 0.01304, 0.00000
1200, 0.02646, 0.00000
1201, 0.00060, 0.00000
1202, 0.02550, 0.00000
1203, 0.00280, 0.00000
1204, 0.01450, 0.00000
1205, 0.01661, 0.00000
1206, 0.02491, 0.00000
1207, 0.01871, 0.00000
1208, 0.00020, 0.00000
1209, 0.00160, 0.00000
1210, 0.00615, 0.00000
1211, 0.01006, 0.00000
1212, 0.00310, 0.00000
1213, 0.00815, 0.00010
1214, 0.02370, 0.00010
1215, 0.02472, 0.00000
1216, 0.02340, 0.00000
1217, 0.01811, 0.00000
1218, 0.02595, 0.00000
1219, 0.02559, 0.00000
1220, 0.00020, 0.00000
1221, 0.00170, 0.00000
1222, 0.01135, 0.00010
1223, 0.02646, 0.00000
1224, 0.02381, 0.00000
1225, 0.00070, 0.00000
1226, 0.00075, 0.00000
1227, 0.00850, 0.00000
1228, 0.02557, 0.00000
1229, 0.02438, 0.00000
1230, 0.01026, 0.00000
1231, 0.02366, 0.00000
1232, 0.01215, 0.00000
1233, 0.01871, 0.00000
1234, 0.01252, 0.00010
1235, 0.00150, 0.00000
1236, 0.02260, 0.00000
1237, 0.02060, 0.00000
1238, 0.01795, 0.00000
1239, 0.02096, 0.00000
1240, 0.00120, 0.00000
1241, 0.01616, 0.00000
1242, 0.01041, 0.00000
1243, 0.02376, 0.00000
1244, 0.00780, 0.00000
1245, 0.02256, 0.00000
1246, 0.02481, 0.00000
1247, 0.02456, 0.00000
1248, 0.01006, 0.00000
1249, 0.01782, 0.00000
1250, 0.00106, 0.00000
1251, 0.00670, 0.00000
1252, 0.02473, 0.00000
1253, 0.01812, 0.00000
1254, 0.01810, 0.00000
1255, 0.00120, 0.00000
1256, 0.02367, 0.00000
1257, 0.01366, 0.00000
1258, 0.01461, 0.00010
1259, 0.02570, 0.00000
1260, 0.01967, 0.00000
1261, 0.01116, 0.00000
1262, 0.00645, 0.00000
1263, 0.01055, 0.00000
1264, 0.02081, 0.00000
1265, 0.01809, 0.00000
1266, 0.00060, 0.00000
1267, 0.00946, 0.00000
1268, 0.00460, 0.00010
1269, 0.00070, 0.00000
1270, 0.02467, 0.00000
1271, 0.01692, 0.00010
1272, 0.02440, 0.00000
1273, 0.01881, 0.00000
1274, 0.02512, 0.00000
1275, 0.00675, 0.00000
1276, 0.00311, 0.00000
1277, 0.02387, 0.00000
1278, 0.00410, 0.00000
1279, 0.00966, 0.00000
1280, 0.02467, 0.00000
1281, 0.02171, 0.00000
1282, 0.00650, 0.00000
1283, 0.02786, 0.00000
1284, 0.01055, 0.00000
1285, 0.02436, 0.00000
1286, 0.00210, 0.00000
1287, 0.02586, 0.00000
1288, 0.00415, 0.00000
1289, 0.00745, 0.00000
1290, 0.02220, 0.00000
1291, 0.00140, 0.00000
1292, 0.02563, 0.00010
1293, 0.00900, 0.00000
1294, 0.00165, 0.00000
1295, 0.02650, 0.00010
1296, 0.00685, 0.00010
1297, 0.02522, 0.00000
1298, 0.00480, 0.00000
1299, 0.01480, 0.00000
1300, 0.02606, 0.00000
1301, 0.02414, 0.00000
1302, 0.02571, 0.00000
1303, 0.02381, 0.00000
1304, 0.00925, 0.00000
1305, 0.01151, 0.00000
1306, 0.01062, 0.00000
1307, 0.03253, 0.00010
1308, 0.03245, 0.00000
1309, 0.03583, 0.00000
1310, 0.01375, 0.00000
1311, 0.02456, 0.00000
1312, 0.00408, 0.00000
1313, 0.00360, 0.00000
1314, 0.02446, 0.00000
1315, 0.00650, 0.00000
1316, 0.02526, 0.00000
1317, 0.01535, 0.00000
1318, 0.00355, 0.00010
1319, 0.02536, 0.00000
1320, 0.01005, 0.00000
1321, 0.01841, 0.00000
1322, 0.00100, 0.00000
1323, 0.00435, 0.00000
1324, 0.02380, 0.00000
1325, 0.00685, 0.00000
1326, 0.02371, 0.00010
1327, 0.00100, 0.00000
1328, 0.02479, 0.00000
1329, 0.00050, 0.00000
1330, 0.02390, 0.00000
1331, 0.02455, 0.00000
1332, 0.01086, 0.00000
1333, 0.00590, 0.00000
1334, 0.00505, 0.00000
1335, 0.01262, 0.00000
1336, 0.00030, 0.00000
1337, 0.01421, 0.00000
1338, 0.02400, 0.00000
1339, 0.01779, 0.00000
1340, 0.02551, 0.00000
1341, 0.00555, 0.00000
1342, 0.00260, 0.00000
1343, 0.01355, 0.00000
1344, 0.02081, 0.00000
1345, 0.00560, 0.00000
1346, 0.01275, 0.00000
1347, 0.02477, 0.00000
1348, 0.02501, 0.00000
1349, 0.02394, 0.00000
1350, 0.02411, 0.00000
1351, 0.01006, 0.00000
1352, 0.01236, 0.00000
1353, 0.00496, 0.00010
1354, 0.02291, 0.00000
1355, 0.00616, 0.00010
1356, 0.01465, 0.00000
1357, 0.02486, 0.00000
1358, 0.00935, 0.00000
1359, 0.00815, 0.00000
1360, 0.02440, 0.00000
1361, 0.00080, 0.00000
1362, 0.02411, 0.00000
1363, 0.02417, 0.00000
1364, 0.00885, 0.00000
1365, 0.01392, 0.00000
1366, 0.01822, 0.00000
1367, 0.02553, 0.00000
1368, 0.02491, 0.00000
1369, 0.00596, 0.00000
1370, 0.02460, 0.00000
1371, 0.02297, 0.00000
1372, 0.01380, 0.00000
1373, 0.00480, 0.00000
1374, 0.02355, 0.00000
1375, 0.01566, 0.00000
1376, 0.02577, 0.00000
1377, 0.02136, 0.00000
1378, 0.00320, 0.00000
1379, 0.01850, 0.00000
1380, 0.00360, 0.00000
1381, 0.02586, 0.00010
1382, 0.01940, 0.00000
1383, 0.01315, 0.00000
1384, 0.00962, 0.00000
1385, 0.00585, 0.00000
1386, 0.00050, 0.00000
1387, 0.02520, 0.00000
1388, 0.02352, 0.00000
1389, 0.00965, 0.00000
1390, 0.01045, 0.00000
1391, 0.02051, 0.00000
1392, 0.00560, 0.00010
1393, 0.00336, 0.00000
1394, 0.00760, 0.00000
1395, 0.01331, 0.00000
1396, 0.02079, 0.00000
1397, 0.02351, 0.00000
1398, 0.00120, 0.00000
1399, 0.00651, 0.00000
1400, 0.01861, 0.00010
1401, 0.01877, 0.00000
1402, 0.00050, 0.00000
1403, 0.02790, 0.00000
1404, 0.02611, 0.00000
1405, 0.00080, 0.00000
1406, 0.01265, 0.00000
1407, 0.02526, 0.00000
1408, 0.00585, 0.00000
1409, 0.01981, 0.00000
1410, 0.01935, 0.00000
1411, 0.02681, 0.00000
1412, 0.02436, 0.00000
1413, 0.00660, 0.00000
1414, 0.01929, 0.00000
1415, 0.03066, 0.00000
1416, 0.01015, 0.00000
1417, 0.00825, 0.00000
1418, 0.00320, 0.00000
1419, 0.02961, 0.00000
1420, 0.00535, 0.00000
1421, 0.01817, 0.00000
1422, 0.02378, 0.00000
1423, 0.02546, 0.00000
1424, 0.01465, 0.00000
1425, 0.00616, 0.00000
1426, 0.02047, 0.00000
1427, 0.02100, 0.00000
1428, 0.01790, 0.00000
1429, 0.00740, 0.00000
1430, 0.00105, 0.00000
1431, 0.00530, 0.00000
1432, 0.00845, 0.00000
1433, 0.01045, 0.00000
1434, 0.00775, 0.00000
1435, 0.00671, 0.00000
1436, 0.01582, 0.00000
1437, 0.00901, 0.00000
1438, 0.02401, 0.00000
1439, 0.02603, 0.00000
1440, 0.01135, 0.00000
1441, 0.01065, 0.00000
1442, 0.02278, 0.00000
1443, 0.00315, 0.00010
1444, 0.02461, 0.00000
1445, 0.00260, 0.00000
1446, 0.01151, 0.00000
1447, 0.02806, 0.00000
1448, 0.00395, 0.00000
1449, 0.02706, 0.00000
1450, 0.01491, 0.00000
1451, 0.01491, 0.00000
1452, 0.00010, 0.00000
1453, 0.00110, 0.00000
1454, 0.02790, 0.00000
1455, 0.00825, 0.00000
1456, 0.00255, 0.00000
1457, 0.02962, 0.00000
1458, 0.00895, 0.00000
1459, 0.02078, 0.00000
1460, 0.01117, 0.00000
1461, 0.03726, 0.00010
1462, 0.02726, 0.00000
1463, 0.02736, 0.00000
1464, 0.00390, 0.00000
1465, 0.00080, 0.00000
1466, 0.02913, 0.00000
1467, 0.00170, 0.00000
1468, 0.00502, 0.00000
1469, 0.02716, 0.00000
1470, 0.00920, 0.00000
1471, 0.02406, 0.00000
1472, 0.00705, 0.00000
1473, 0.02707, 0.00000
1474, 0.01268, 0.00000
1475, 0.01365, 0.00000
1476, 0.00320, 0.00000
1477, 0.02286, 0.00010
1478, 0.02801, 0.00000
1479, 0.00786, 0.00000
1480, 0.00290, 0.00000
1481, 0.02456, 0.00000
1482, 0.01711, 0.00000
1483, 0.01053, 0.00000
1484, 0.02390, 0.00000
1485, 0.02523, 0.00000
1486, 0.01655, 0.00000
1487, 0.00955, 0.00000
1488, 0.00795, 0.00000
1489, 0.01968, 0.00000
1490, 0.02576, 0.00000
1491, 0.02630, 0.00010
1492, 0.00119, 0.00000
1493, 0.02011, 0.00000
1494, 0.00255, 0.00000
1495, 0.02547, 0.00000
1496, 0.02361, 0.00000
1497, 0.02533, 0.00000
1498, 0.00975, 0.00000
1499, 0.01335, 0.00000
1500, 0.00315, 0.00000
1501, 0.00590, 0.00000
1502, 0.00040, 0.00000
1503, 0.02396, 0.00010
1504, 0.01085, 0.00000
1505, 0.02561, 0.00000
1506, 0.02456, 0.00000
1507, 0.00170, 0.00000
1508, 0.02531, 0.00000
1509, 0.02545, 0.00010
1510, 0.00230, 0.00000
1511, 0.01556, 0.00000
1512, 0.00470, 0.00000
1513, 0.00455, 0.00000
1514, 0.00905, 0.00000
1515, 0.01295, 0.00000
1516, 0.01803, 0.00000
1517, 0.02503, 0.00005
1518, 0.02463, 0.00000
1519, 0.00190, 0.00000
1520, 0.02191, 0.00000
1521, 0.02411, 0.00000
1522, 0.02733, 0.00000
1523, 0.02908, 0.00000
1524, 0.03422, 0.00000
1525, 0.00830, 0.00000
1526, 0.02876, 0.00000
1527, 0.00945, 0.00000
1528, 0.00200, 0.00000
1529, 0.02555, 0.00000
1530, 0.01085, 0.00000
1531, 0.02496, 0.00000
1532, 0.02206, 0.00000
1533, 0.02320, 0.00000
1534, 0.00936, 0.00000
1535, 0.02270, 0.00000
1536, 0.03569, 0.00000
1537, 0.01015, 0.00000
1538, 0.00418, 0.00000
1539, 0.00685, 0.00010
1540, 0.02266, 0.00000
1541, 0.00546, 0.00000
1542, 0.02936, 0.00000
1543, 0.00710, 0.00000
1544, 0.02606, 0.00000
1545, 0.00616, 0.00000
1546, 0.02650, 0.00000
1547, 0.00395, 0.00000
1548, 0.01035, 0.00000
1549, 0.02907, 0.00000
1550, 0.00818, 0.00000
1551, 0.01911, 0.00000
1552, 0.01085, 0.00000
1553, 0.02071, 0.00000
1554, 0.00535, 0.00000
1555, 0.02911, 0.00000
1556, 0.00070, 0.00000
1557, 0.02869, 0.00000
1558, 0.02397, 0.00000
1559, 0.01661, 0.00000
1560, 0.01601, 0.00000
1561, 0.00560, 0.00000
1562, 0.02676, 0.00010
1563, 0.02691, 0.00000
1564, 0.00585, 0.00000
1565, 0.02746, 0.00000
1566, 0.02794, 0.00000
1567, 0.00350, 0.00000
1568, 0.00781, 0.00000
1569, 0.02601, 0.00000
1570, 0.01091, 0.00000
1571, 0.02596, 0.00010
1572, 0.00636, 0.00010
1573, 0.01406, 0.00000
1574, 0.02834, 0.00000
1575, 0.00470, 0.00000
1576, 0.02851, 0.00000
1577, 0.02581, 0.00000
1578, 0.02621, 0.00000
1579, 0.02851, 0.00000
1580, 0.01688, 0.00000
1581, 0.01080, 0.00000
1582, 0.02571, 0.00010
1583, 0.01015, 0.00000
1584, 0.01485, 0.00000
1585, 0.02120, 0.00010
1586, 0.01958, 0.00000
1587, 0.02476, 0.00000
1588, 0.00690, 0.00000
1589, 0.01856, 0.00000
1590, 0.02466, 0.00000
1591, 0.02545, 0.00000
1592, 0.02456, 0.00000
1593, 0.02486, 0.00000
1594, 0.00515, 0.00000
1595, 0.00915, 0.00000
1596, 0.02440, 0.00000
1597, 0.00130, 0.00000
1598, 0.02442, 0.00000
1599, 0.02417, 0.00000
1600, 0.03527, 0.00000
1601, 0.02460, 0.00000
1602, 0.00792, 0.00000
1603, 0.01980, 0.00000
1604, 0.01191, 0.00000
1605, 0.00675, 0.00000
1606, 0.02556, 0.00000
1607, 0.00255, 0.00000
1608, 0.02471, 0.00000
1609, 0.02436, 0.00000
1610, 0.00781, 0.00000
1611, 0.00010, 0.00000
1612, 0.01981, 0.00000
1613, 0.02457, 0.00000
1614, 0.02471, 0.00000
1615, 0.00290, 0.00000
1616, 0.01290, 0.00000
1617, 0.00761, 0.00000
1618, 0.00096, 0.00000
1619, 0.01876, 0.00000
1620, 0.02401, 0.00000
1621, 0.02331, 0.00000
1622, 0.00866, 0.00000
1623, 0.00945, 0.00000
1624, 0.02341, 0.00000
1625, 0.02336, 0.00010
1626, 0.00750, 0.00000
1627, 0.02476, 0.00000
1628, 0.00480, 0.00000
1629, 0.00100, 0.00000
1630, 0.01680, 0.00000
1631, 0.02276, 0.00000
1632, 0.00365, 0.00000
1633, 0.00630, 0.00000
1634, 0.00646, 0.00000
1635, 0.02135, 0.00000
1636, 0.00695, 0.00000
1637, 0.01761, 0.00000
1638, 0.00680, 0.00000
1639, 0.01136, 0.00000
1640, 0.01631, 0.00000
1641, 0.00545, 0.00000
1642, 0.02328, 0.00000
1643, 0.00190, 0.00000
1644, 0.00200, 0.00000
1645, 0.01580, 0.00010
1646, 0.00190, 0.00000
1647, 0.00556, 0.00000
1648, 0.00310, 0.00000
1649, 0.02338, 0.00000
1650, 0.01281, 0.00000
1651, 0.02380, 0.00000
1652, 0.02319, 0.00010
1653, 0.01105, 0.00000
1654, 0.02563, 0.00000
1655, 0.01115, 0.00000
1656, 0.00150, 0.00000
1657, 0.01481, 0.00000
1658, 0.02350, 0.00000
1659, 0.01460, 0.00000
1660, 0.00270, 0.00000
1661, 0.00973, 0.00010
1662, 0.02010, 0.00000
1663, 0.00110, 0.00000
1664, 0.02560, 0.00000
1665, 0.02464, 0.00000
1666, 0.02290, 0.00000
1667, 0.01891, 0.00000
1668, 0.02436, 0.00000
1669, 0.01906, 0.00000
1670, 0.00705, 0.00000
1671, 0.00260, 0.00000
1672, 0.02275, 0.00000
1673, 0.00866, 0.00000
1674, 0.00830, 0.00000
1675, 0.02252, 0.00000
1676, 0.02440, 0.00000
1677, 0.00210, 0.00000
1678, 0.01360, 0.00000
1679, 0.02290, 0.00000
1680, 0.02157, 0.00000
1681, 0.00885, 0.00000
1682, 0.00945, 0.00000
1683, 0.00270, 0.00000
1684, 0.01156, 0.00000
1685, 0.02293, 0.00010
1686, 0.02339, 0.00000
1687, 0.00170, 0.00000
1688, 0.01731, 0.00000
1689, 0.00020, 0.00000
1690, 0.02340, 0.00000
1691, 0.02116, 0.00000
1692, 0.01390, 0.00000
1693, 0.00050, 0.00000
1694, 0.02255, 0.00000
1695, 0.00150, 0.00000
1696, 0.02277, 0.00000
1697, 0.02212, 0.00000
1698, 0.02221, 0.00000
1699, 0.02470, 0.00000
1700, 0.00275, 0.00000
1701, 0.02348, 0.00000
1702, 0.02491, 0.00000
1703, 0.02377, 0.00010
1704, 0.01698, 0.00000
1705, 0.00940, 0.00000
1706, 0.00095, 0.00000
1707, 0.00580, 0.00000
1708, 0.01420, 0.00000
1709, 0.02200, 0.00000
1710, 0.00190, 0.00000
1711, 0.02410, 0.00000
1712, 0.00303, 0.00000
1713, 0.02400, 0.00000
1714, 0.02461, 0.00000
1715, 0.02130, 0.00010
1716, 0.00480, 0.00000
1717, 0.01761, 0.00000
1718, 0.02531, 0.00000
1719, 0.01821, 0.00000
1720, 0.00040, 0.00010
1721, 0.01470, 0.00000
1722, 0.02438, 0.00000
1723, 0.00266, 0.00000
1724, 0.01836, 0.00000
1725, 0.00326, 0.00000
1726, 0.02487, 0.00000
1727, 0.02272, 0.00000
1728, 0.02071, 0.00000
1729, 0.02551, 0.00000
1730, 0.00665, 0.00000
1731, 0.00823, 0.00000
1732, 0.00420, 0.00000
1733, 0.00675, 0.00010
1734, 0.02519, 0.00000
1735, 0.01056, 0.00000
1736, 0.02230, 0.00010
1737, 0.02537, 0.00000
1738, 0.02331, 0.00000
1739, 0.02517, 0.00000
1740, 0.02427, 0.00000
1741, 0.01570, 0.00000
1742, 0.02294, 0.00000
1743, 0.02466, 0.00000
1744, 0.00790, 0.00000
1745, 0.02406, 0.00000
1746, 0.02220, 0.00000
1747, 0.00070, 0.00000
1748, 0.02371, 0.00000
1749, 0.02426, 0.00000
1750, 0.01641, 0.00000
1751, 0.01795, 0.00000
1752, 0.00405, 0.00000
1753, 0.02267, 0.00000
1754, 0.01700, 0.00000
1755, 0.02016, 0.00000
1756, 0.00450, 0.00000
1757, 0.00310, 0.00000
1758, 0.01680, 0.00000
1759, 0.01275, 0.00000
1760, 0.00915, 0.00000
1761, 0.01700, 0.00000
1762, 0.02216, 0.00000
1763, 0.02220, 0.00000
1764, 0.02216, 0.00000
1765, 0.02230, 0.00000
1766, 0.01916, 0.00000
1767, 0.01115, 0.00000
1768, 0.01590, 0.00000
1769, 0.00955, 0.00000
1770, 0.00620, 0.00000
1771, 0.02436, 0.00000
1772, 0.00010, 0.00010
1773, 0.00330, 0.00000
1774, 0.01555, 0.00000
1775, 0.02350, 0.00000
1776, 0.01605, 0.00000
1777, 0.02446, 0.00000
1778, 0.00811, 0.00000
1779, 0.02452, 0.00000
1780, 0.00566, 0.00000
1781, 0.00370, 0.00000
1782, 0.02510, 0.00000
1783, 0.00670, 0.00000
1784, 0.00564, 0.00000
1785, 0.01081, 0.00000
1786, 0.02380, 0.00000
1787, 0.02406, 0.00000
1788, 0.00835, 0.00010
1789, 0.01075, 0.00000
1790, 0.02440, 0.00000
1791, 0.01431, 0.00000
1792, 0.00085, 0.00000
1793, 0.01016, 0.00000
1794, 0.02332, 0.00000
1795, 0.01486, 0.00000
1796, 0.00010, 0.00000
1797, 0.02257, 0.00000
1798, 0.01186, 0.00000
1799, 0.00260, 0.00000
1800, 0.01076, 0.00000
1801, 0.02327, 0.00010
1802, 0.02292, 0.00000
1803, 0.00500, 0.00000
1804, 0.01241, 0.00000
1805, 0.00268, 0.00000
1806, 0.01436, 0.00000
1807, 0.00020, 0.00000
1808, 0.00276, 0.00000
1809, 0.00210, 0.00000
1810, 0.02131, 0.00000
1811, 0.02261, 0.00000
1812, 0.02291, 0.00000
1813, 0.02517, 0.00000
1814, 0.02472, 0.00000
1815, 0.01530, 0.00000
1816, 0.02280, 0.00000
1817, 0.02482, 0.00000
1818, 0.00130, 0.00000
1819, 0.01206, 0.00000
1820, 0.01295, 0.00000
1821, 0.02567, 0.00000
1822, 0.02576, 0.00000
1823, 0.00725, 0.00000
1824, 0.02401, 0.00000
1825, 0.02330, 0.00000
1826, 0.02310, 0.00010
1827, 0.00080, 0.00000
1828, 0.00795, 0.00000
1829, 0.02350, 0.00000
1830, 0.01101, 0.00000
1831, 0.02530, 0.00000
1832, 0.00050, 0.00000
1833, 0.02506, 0.00000
1834, 0.02404, 0.00000
1835, 0.02586, 0.00000
1836, 0.01065, 0.00000
1837, 0.02002, 0.00000
1838, 0.02457, 0.00000
1839, 0.02576, 0.00000
1840, 0.02480, 0.00000
1841, 0.00765, 0.00000
1842, 0.02536, 0.00000
1843, 0.03082, 0.00000
1844, 0.00717, 0.00000
1845, 0.01990, 0.00000
1846, 0.02576, 0.00000
1847, 0.02296, 0.00000
1848, 0.00110, 0.00000
1849, 0.02030, 0.00000
1850, 0.02296, 0.00000
1851, 0.00590, 0.00000
1852, 0.00575, 0.00000
1853, 0.00010, 0.00000
1854, 0.02451, 0.00000
1855, 0.01791, 0.00000
1856, 0.01315, 0.00000
1857, 0.01770, 0.00000
1858, 0.00220, 0.00010
1859, 0.00735, 0.00000
1860, 0.00535, 0.00000
1861, 0.00456, 0.00010
1862, 0.02473, 0.00000
1863, 0.02407, 0.00000
1864, 0.00160, 0.00000
1865, 0.02886, 0.00000
1866, 0.02300, 0.00000
1867, 0.02487, 0.00000
1868, 0.02530, 0.00000
1869, 0.02557, 0.00000
1870, 0.00586, 0.00000
1871, 0.00100, 0.00000
1872, 0.02340, 0.00000
1873, 0.00010, 0.00000
1874, 0.02537, 0.00000
1875, 0.02586, 0.00000
1876, 0.00030, 0.00000
1877, 0.02361, 0.00000
1878, 0.02166, 0.00000
1879, 0.01171, 0.00010
1880, 0.00560, 0.00000
1881, 0.01371, 0.00000
1882, 0.01724, 0.00000
1883, 0.02507, 0.00000
1884, 0.00581, 0.00000
1885, 0.00360, 0.00000
1886, 0.02340, 0.00000
1887, 0.00140, 0.00000
1888, 0.01980, 0.00000
1889, 0.02226, 0.00010
1890, 0.02207, 0.00000
1891, 0.00380, 0.00000
1892, 0.01390, 0.00000
1893, 0.02504, 0.00000
1894, 0.01530, 0.00000
1895, 0.01655, 0.00000
1896, 0.01075, 0.00000
1897, 0.00895, 0.00000
1898, 0.01769, 0.00000
1899, 0.02360, 0.00000
1900, 0.01250, 0.00000
1901, 0.02410, 0.00010
1902, 0.02261, 0.00000
1903, 0.02376, 0.00000
1904, 0.02321, 0.00000
1905, 0.02524, 0.00000
1906, 0.00610, 0.00000
1907, 0.01520, 0.00000
1908, 0.00160, 0.00000
1909, 0.02282, 0.00000
1910, 0.01560, 0.00000
1911, 0.00390, 0.00000
1912, 0.02282, 0.00000
1913, 0.00176, 0.00000
1914, 0.00530, 0.00000
1915, 0.00351, 0.00000
1916, 0.02678, 0.00000
1917, 0.02271, 0.00010
1918, 0.01720, 0.00000
1919, 0.01802, 0.00000
1920, 0.01941, 0.00000
1921, 0.02422, 0.00000
1922, 0.00010, 0.00000
1923, 0.02230, 0.00000
1924, 0.02331, 0.00000
1925, 0.02310, 0.00000
1926, 0.01520, 0.00000
1927, 0.02220, 0.00000
1928, 0.02210, 0.00000
1929, 0.00030, 0.00000
1930, 0.02461, 0.00000
1931, 0.02330, 0.00000
1932, 0.02220, 0.00000
1933, 0.00120, 0.00000
1934, 0.00345, 0.00000
1935, 0.02699, 0.00000
1936, 0.02502, 0.00000
1937, 0.00815, 0.00000
1938, 0.02220, 0.00000
1939, 0.02320, 0.00000
1940, 0.02040, 0.00000
1941, 0.02226, 0.00000
1942, 0.02356, 0.00000
1943, 0.02240, 0.00000
1944, 0.00685, 0.00000
1945, 0.00680, 0.00000
1946, 0.02226, 0.00000
1947, 0.02390, 0.00000
1948, 0.00695, 0.00000
1949, 0.02270, 0.00000
1950, 0.00430, 0.00000
1951, 0.01960, 0.00000
1952, 0.02226, 0.00000
1953, 0.00550, 0.00000
1954, 0.00030, 0.00000
1955, 0.02228, 0.00000
1956, 0.02436, 0.00000
1957, 0.00895, 0.00000
1958, 0.02311, 0.00000
1959, 0.02431, 0.00000
1960, 0.02282, 0.00000
1961, 0.02291, 0.00000
1962, 0.00380, 0.00000
1963, 0.02287, 0.00000
1964, 0.02371, 0.00000
1965, 0.01356, 0.00000
1966, 0.02357, 0.00000
1967, 0.02147, 0.00000
1968, 0.00340, 0.00000
1969, 0.00856, 0.00000
1970, 0.01296, 0.00000
1971, 0.00115, 0.00000
1972, 0.02281, 0.00000
1973, 0.00722, 0.00000
1974, 0.02321, 0.00000
1975, 0.02640, 0.00000
1976, 0.02516, 0.00000
1977, 0.02506, 0.00000
1978, 0.00430, 0.00000
1979, 0.02276, 0.00000
1980, 0.02260, 0.00000
1981, 0.02446, 0.00000
1982, 0.00350, 0.00000
1983, 0.02256, 0.00000
1984, 0.00370, 0.00000
1985, 0.02440, 0.00000
1986, 0.02446, 0.00000
1987, 0.02251, 0.00000
1988, 0.02278, 0.00000
1989, 0.02259, 0.00000
1990, 0.02410, 0.00000
1991, 0.00925, 0.00000
1992, 0.00120, 0.00000
1993, 0.02071, 0.00000
1994, 0.01125, 0.00000
1995, 0.00575, 0.00000
1996, 0.00580, 0.00000
1997, 0.02416, 0.00000
1998, 0.02367, 0.00000
1999, 0.02536, 0.00000
2000, 0.00270, 0.00000
2001, 0.02431, 0.00000
2002, 0.02582, 0.00010
2003, 0.02362, 0.00000
2004, 0.02663, 0.00000
2005, 0.02281, 0.00000
2006, 0.02336, 0.00000
2007, 0.00030, 0.00000
2008, 0.01225, 0.00000
2009, 0.02472, 0.00000
2010, 0.00645, 0.00000
2011, 0.01075, 0.00000
2012, 0.01442, 0.00000
2013, 0.02411, 0.00000
2014, 0.00555, 0.00000
2015, 0.02397, 0.00000
2016, 0.02707, 0.00000
2017, 0.00670, 0.00000
2018, 0.00575, 0.00000
2019, 0.00550, 0.00000
2020, 0.02551, 0.00000
2021, 0.02358, 0.00000
2022, 0.02526, 0.00000
2023, 0.01395, 0.00000
2024, 0.01342, 0.00000
2025, 0.00040, 0.00000
2026, 0.01091, 0.00000
2027, 0.02501, 0.00000
2028, 0.02504, 0.00000
2029, 0.01755, 0.00000
2030, 0.02565, 0.00000
2031, 0.01716, 0.00000
2032, 0.00620, 0.00000
2033, 0.02057, 0.00000
2034, 0.00146, 0.00000
2035, 0.01296, 0.00000
2036, 0.02421, 0.00000
2037, 0.02147, 0.00000
2038, 0.02546, 0.00000
2039, 0.00340, 0.00000
2040, 0.00396, 0.00000
2041, 0.02442, 0.00000
2042, 0.01770, 0.00000
2043, 0.02082, 0.00000
2044, 0.01105, 0.00010
2045, 0.00070, 0.00000
2046, 0.01440, 0.00000
2047, 0.00060, 0.00000
2048, 0.02383, 0.00010
2049, 0.02505, 0.00000
2050, 0.01761, 0.00000
2051, 0.01126, 0.00000
2052, 0.02506, 0.00000
2053, 0.00500, 0.00000
2054, 0.02437, 0.00000
2055, 0.01911, 0.00000
2056, 0.01526, 0.00000
2057, 0.02462, 0.00000
2058, 0.00300, 0.00000
2059, 0.02417, 0.00000
2060, 0.00290, 0.00000
2061, 0.02431, 0.00010
2062, 0.00345, 0.00000
2063, 0.02388, 0.00000
2064, 0.00515, 0.00000
2065, 0.01085, 0.00000
2066, 0.00280, 0.00000
2067, 0.02420, 0.00010
2068, 0.00855, 0.00000
2069, 0.02536, 0.00000
2070, 0.00290, 0.00000
2071, 0.01136, 0.00000
2072, 0.00529, 0.00000
2073, 0.02541, 0.00000
2074, 0.00685, 0.00000
2075, 0.00510, 0.00000
2076, 0.00040, 0.00000
2077, 0.01390, 0.00000
2078, 0.00825, 0.00000
2079, 0.02370, 0.00000
2080, 0.01356, 0.00000
2081, 0.02411, 0.00000
2082, 0.02351, 0.00000
2083, 0.00110, 0.00000
2084, 0.01592, 0.00000
2085, 0.02327, 0.00000
2086, 0.02271, 0.00000
2087, 0.01449, 0.00010
2088, 0.00775, 0.00000
2089, 0.02261, 0.00000
2090, 0.01196, 0.00000
2091, 0.01906, 0.00000
2092, 0.01295, 0.00010
2093, 0.02734, 0.00000
2094, 0.01607, 0.00000
2095, 0.01785, 0.00000
2096, 0.02475, 0.00000
2097, 0.00290, 0.00000
2098, 0.02566, 0.00000
2099, 0.02783, 0.00000
2100, 0.01035, 0.00000
2101, 0.00700, 0.00000
2102, 0.02089, 0.00000
2103, 0.00095, 0.00000
2104, 0.02951, 0.00010
2105, 0.02704, 0.00000
2106, 0.02311, 0.00000
2107, 0.00095, 0.00000
2108, 0.00130, 0.00000
2109, 0.02371, 0.00000
2110, 0.02310, 0.00000
2111, 0.00325, 0.00000
2112, 0.01415, 0.00000
2113, 0.02536, 0.00000
2114, 0.00080, 0.00010
2115, 0.00720, 0.00000
2116, 0.00275, 0.00000
2117, 0.03326, 0.00000
2118, 0.00040, 0.00010
2119, 0.02798, 0.00000
2120, 0.02259, 0.00000
2121, 0.01820, 0.00010
2122, 0.00380, 0.00000
2123, 0.00115, 0.00000
2124, 0.00860, 0.00000
2125, 0.02436, 0.00000
2126, 0.02149, 0.00000
2127, 0.00815, 0.00000
2128, 0.02420, 0.00000
2129, 0.02260, 0.00000
2130, 0.01496, 0.00010
2131, 0.02540, 0.00000
2132, 0.01840, 0.00000
2133, 0.02531, 0.00000
2134, 0.02460, 0.00000
2135, 0.00120, 0.00000
2136, 0.02487, 0.00000
2137, 0.01015, 0.00000
2138, 0.00655, 0.00010
2139, 0.02481, 0.00000
2140, 0.02596, 0.00000
2141, 0.00836, 0.00000
2142, 0.00000, 0.00000
2143, 0.02151, 0.00000
2144, 0.00070, 0.00000
2145, 0.00876, 0.00000
2146, 0.03016, 0.00000
2147, 0.01735, 0.00000
2148, 0.01671, 0.00000
2149, 0.02766, 0.00000
2150, 0.01515, 0.00000
2151, 0.02366, 0.00000
2152, 0.01966, 0.00000
2153, 0.00180, 0.00000
2154, 0.02621, 0.00000
2155, 0.02556, 0.00000
2156, 0.02668, 0.00000
2157, 0.00290, 0.00000
2158, 0.01656, 0.00000
2159, 0.00170, 0.00000
2160, 0.02610, 0.00000
2161, 0.02642, 0.00000
2162, 0.02558, 0.00000
2163, 0.01355, 0.00000
2164, 0.01874, 0.00000
2165, 0.02410, 0.00000
2166, 0.02502, 0.00000
2167, 0.02508, 0.00000
2168, 0.02091, 0.00000
2169, 0.00706, 0.00000
2170, 0.02883, 0.00000
2171, 0.00985, 0.00000
2172, 0.01680, 0.00000
2173, 0.01383, 0.00000
2174, 0.02722, 0.00000
2175, 0.00550, 0.00000
2176, 0.03517, 0.00000
2177, 0.02571, 0.00000
2178, 0.01361, 0.00000
2179, 0.02580, 0.00000
2180, 0.02682, 0.00000
2181, 0.02566, 0.00000
2182, 0.00210, 0.00000
2183, 0.02728, 0.00000
2184, 0.00355, 0.00000
2185, 0.02676, 0.00000
2186, 0.00280, 0.00000
2187, 0.03233, 0.00000
2188, 0.02533, 0.00000
2189, 0.00946, 0.00000
2190, 0.02510, 0.00000
2191, 0.02712, 0.00000
2192, 0.00460, 0.00000
2193, 0.01440, 0.00000
2194, 0.01595, 0.00000
2195, 0.02633, 0.00000
2196, 0.02536, 0.00000
2197, 0.02486, 0.00000
2198, 0.01155, 0.00000
2199, 0.00725, 0.00000
2200, 0.01283, 0.00000
2201, 0.00070, 0.00000
2202, 0.00823, 0.00000
2203, 0.03208, 0.00000
2204, 0.01025, 0.00000
2205, 0.02606, 0.00000
2206, 0.00200, 0.00000
2207, 0.02140, 0.00000
2208, 0.00465, 0.00000
2209, 0.00600, 0.00000
2210, 0.01155, 0.00000
2211, 0.00625, 0.00000
2212, 0.00480, 0.00010
2213, 0.00993, 0.00010
2214, 0.03298, 0.00000
2215, 0.02470, 0.00000
2216, 0.02681, 0.00000
2217, 0.00370, 0.00000
2218, 0.01250, 0.00000
2219, 0.00050, 0.00000
2220, 0.00160, 0.00000
2221, 0.00070, 0.00000
2222, 0.02430, 0.00000
2223, 0.01376, 0.00000
2224, 0.03274, 0.00000
2225, 0.01201, 0.00000
2226, 0.01096, 0.00000
2227, 0.02181, 0.00000
2228, 0.01551, 0.00000
2229, 0.01684, 0.00000
2230, 0.00510, 0.00010
2231, 0.02707, 0.00000
2232, 0.02586, 0.00000
2233, 0.02673, 0.00000
2234, 0.00040, 0.00000
2235, 0.02770, 0.00000
2236, 0.01296, 0.00000
2237, 0.02151, 0.00000
2238, 0.01622, 0.00000
2239, 0.03086, 0.00000
2240, 0.01998, 0.00000
2241, 0.01145, 0.00000
2242, 0.01611, 0.00000
2243, 0.00775, 0.00000
2244, 0.02510, 0.00000
2245, 0.02476, 0.00000
2246, 0.02577, 0.00000
2247, 0.02524, 0.00000
2248, 0.01022, 0.00000
2249, 0.00440, 0.00000
2250, 0.00210, 0.00000
2251, 0.01810, 0.00000
2252, 0.02518, 0.00000
2253, 0.01376, 0.00000
2254, 0.00160, 0.00000
2255, 0.02556, 0.00000
2256, 0.02561, 0.00000
2257, 0.01280, 0.00000
2258, 0.01673, 0.00000
2259, 0.01195, 0.00000
2260, 0.02074, 0.00000
2261, 0.01565, 0.00000
2262, 0.02471, 0.00000
2263, 0.02677, 0.00000
2264, 0.02626, 0.00000
2265, 0.01292, 0.00000
2266, 0.00966, 0.00000
2267, 0.02806, 0.00000
2268, 0.01155, 0.00000
2269, 0.01380, 0.00000
2270, 0.02281, 0.00000
2271, 0.00540, 0.00000
2272, 0.00315, 0.00000
2273, 0.00440, 0.00000
2274, 0.02607, 0.00000
2275, 0.00885, 0.00000
2276, 0.02091, 0.00000
2277, 0.05225, 0.00000
2278, 0.03859, 0.00000
2279, 0.07560, 0.00000
2280, 0.05414, 0.00000
2281, 0.01066, 0.00000
2282, 0.01286, 0.00000
2283, 0.01461, 0.00000
2284, 0.01616, 0.00000
2285, 0.02774, 0.00000
2286, 0.06614, 0.00000
2287, 0.04253, 0.00000
2288, 0.00995, 0.00000
2289, 0.03396, 0.00000
2290, 0.02338, 0.00000
2291, 0.02520, 0.00000
2292, 0.03458, 0.00000
2293, 0.01216, 0.00000
2294, 0.00310, 0.00000
2295, 0.03671, 0.00010
2296, 0.02236, 0.00000
2297, 0.01981, 0.00000
2298, 0.03480, 0.00000
2299, 0.00895, 0.00000
2300, 0.02737, 0.00000
2301, 0.00010, 0.00000
2302, 0.02291, 0.00000
2303, 0.04048, 0.00000
2304, 0.00895, 0.00000
2305, 0.01462, 0.00010
2306, 0.03801, 0.00000
2307, 0.02541, 0.00000
2308, 0.04478, 0.00000
2309, 0.01795, 0.00000
2310, 0.02001, 0.00000
2311, 0.00335, 0.00000
2312, 0.00020, 0.00000
2313, 0.00730, 0.00000
2314, 0.01221, 0.00000
2315, 0.00810, 0.00010
2316, 0.02907, 0.00000
2317, 0.03005, 0.00000
2318, 0.05089, 0.00000
2319, 0.04643, 0.00000
2320, 0.03642, 0.00000
2321, 0.00460, 0.00000
2322, 0.02355, 0.00000
2323, 0.03527, 0.00000
2324, 0.00816, 0.00000
2325, 0.00966, 0.00000
2326, 0.02081, 0.00000
2327, 0.04432, 0.00000
2328, 0.01226, 0.00000
2329, 0.02906, 0.00000
2330, 0.03923, 0.00000
2331, 0.01871, 0.00000
2332, 0.00000, 0.00000
2333, 0.00445, 0.00010
2334, 0.03456, 0.00000
2335, 0.04257, 0.00010
2336, 0.04073, 0.00000
2337, 0.00350, 0.00000
2338, 0.02371, 0.00000
2339, 0.05954, 0.00000
2340, 0.01940, 0.00000
2341, 0.06978, 0.00000
2342, 0.01511, 0.00000
2343, 0.03037, 0.00000
2344, 0.02291, 0.00000
2345, 0.04051, 0.00000
2346, 0.07270, 0.00000
2347, 0.07128, 0.00000
2348, 0.05964, 0.00000
2349, 0.07377, 0.00000
2350, 0.03853, 0.00000
2351, 0.01536, 0.00000
2352, 0.05744, 0.00000
2353, 0.04133, 0.00000
2354, 0.04995, 0.00000
2355, 0.04781, 0.00000
2356, 0.04444, 0.00000
2357, 0.00605, 0.00000
2358, 0.02341, 0.00010
2359, 0.03572, 0.00000
2360, 0.00781, 0.00010
2361, 0.03676, 0.00010
2362, 0.03641, 0.00000
2363, 0.00120, 0.00000
2364, 0.01711, 0.00000
2365, 0.02731, 0.00000
2366, 0.00295, 0.00000
2367, 0.00815, 0.00000
2368, 0.00270, 0.00000
2369, 0.00995, 0.00000
2370, 0.02736, 0.00000
2371, 0.02155, 0.00000
2372, 0.01981, 0.00010
2373, 0.01847, 0.00000
2374, 0.00966, 0.00000
2375, 0.00550, 0.00000
2376, 0.02836, 0.00000
2377, 0.02593, 0.00000
2378, 0.01512, 0.00000
2379, 0.03468, 0.00000
2380, 0.00670, 0.00000
2381, 0.00180, 0.00000
2382, 0.03692, 0.00010
2383, 0.04312, 0.00000
2384, 0.00965, 0.00000
2385, 0.02556, 0.00010
2386, 0.00220, 0.00000
2387, 0.01857, 0.00000
2388, 0.02636, 0.00000
2389, 0.02550, 0.00000
2390, 0.02476, 0.00000
2391, 0.02358, 0.00000
2392, 0.02454, 0.00000
2393, 0.02462, 0.00000
2394, 0.00605, 0.00000
2395, 0.00520, 0.00000
2396, 0.02496, 0.00000
2397, 0.02636, 0.00000
2398, 0.02976, 0.00000
2399, 0.00785, 0.00000
2400, 0.03075, 0.00000
2401, 0.00815, 0.00000
2402, 0.01681, 0.00010
2403, 0.02656, 0.00000
2404, 0.02684, 0.00000
2405, 0.02340, 0.00000
2406, 0.02612, 0.00000
2407, 0.00765, 0.00000
2408, 0.01335, 0.00000
2409, 0.04122, 0.00000
2410, 0.02543, 0.00000
2411, 0.03542, 0.00000
2412, 0.03094, 0.00000
2413, 0.02814, 0.00000
2414, 0.01065, 0.00000
2415, 0.00525, 0.00000
2416, 0.02966, 0.00000
2417, 0.02640, 0.00000
2418, 0.01699, 0.00000
2419, 0.02746, 0.00000
2420, 0.03126, 0.00000
2421, 0.02752, 0.00000
2422, 0.01991, 0.00000
2423, 0.00320, 0.00000
2424, 0.00935, 0.00000
2425, 0.00160, 0.00000
2426, 0.00120, 0.00000
2427, 0.00595, 0.00000
2428, 0.02598, 0.00000
2429, 0.00255, 0.00000
2430, 0.00220, 0.00000
2431, 0.01960, 0.00000
2432, 0.00110, 0.00010
2433, 0.00630, 0.00000
2434, 0.01035, 0.00000
2435, 0.02581, 0.00000
2436, 0.01681, 0.00000
2437, 0.02611, 0.00010
2438, 0.04295, 0.00000
2439, 0.01325, 0.00000
2440, 0.03186, 0.00000
2441, 0.02680, 0.00000
2442, 0.02832, 0.00010
2443, 0.00040, 0.00000
2444, 0.02010, 0.00000
2445, 0.02641, 0.00000
2446, 0.00935, 0.00000
2447, 0.00526, 0.00000
2448, 0.02518, 0.00000
2449, 0.05249, 0.00000
2450, 0.03195, 0.00000
2451, 0.01896, 0.00000
2452, 0.02684, 0.00000
2453, 0.02196, 0.00000
2454, 0.01856, 0.00000
2455, 0.01400, 0.00000
2456, 0.03542, 0.00000
2457, 0.00605, 0.00000
2458, 0.02828, 0.00000
2459, 0.03454, 0.00000
2460, 0.00626, 0.00000
2461, 0.01407, 0.00000
2462, 0.01045, 0.00000
2463, 0.03422, 0.00000
2464, 0.05154, 0.00000
2465, 0.04757, 0.00000
2466, 0.01991, 0.00000
2467, 0.03952, 0.00000
2468, 0.02141, 0.00000
2469, 0.05428, 0.00000
2470, 0.01999, 0.00000
2471, 0.02772, 0.00000
2472, 0.05027, 0.00010
2473, 0.03492, 0.00000
2474, 0.00988, 0.00000
2475, 0.02851, 0.00010
2476, 0.02472, 0.00000
2477, 0.00250, 0.00010
2478, 0.00370, 0.00000
2479, 0.00935, 0.00000
2480, 0.01198, 0.00000
2481, 0.00670, 0.00000
2482, 0.01205, 0.00000
2483, 0.01081, 0.00000
2484, 0.02500, 0.00000
2485, 0.02476, 0.00000
2486, 0.00660, 0.00000
2487, 0.00270, 0.00000
2488, 0.00545, 0.00000
2489, 0.02456, 0.00000
2490, 0.00315, 0.00000
2491, 0.01344, 0.00000
2492, 0.01245, 0.00000
2493, 0.02506, 0.00000
2494, 0.00270, 0.00000
2495, 0.02279, 0.00010
2496, 0.00245, 0.00000
2497, 0.00510, 0.00000
2498, 0.02270, 0.00000
2499, 0.02451, 0.00000
2500, 0.01741, 0.00000
2501, 0.02268, 0.00000
2502, 0.02280, 0.00000
2503, 0.00575, 0.00000
2504, 0.01451, 0.00000
2505, 0.00615, 0.00000
2506, 0.00350, 0.00000
2507, 0.00100, 0.00000
2508, 0.00465, 0.00000
2509, 0.02681, 0.00000
2510, 0.01550, 0.00000
2511, 0.01526, 0.00010
2512, 0.03821, 0.00000
2513, 0.02602, 0.00000
2514, 0.02310, 0.00000
2515, 0.01090, 0.00000
2516, 0.02256, 0.00010
2517, 0.02450, 0.00000
2518, 0.01366, 0.00000
2519, 0.00772, 0.00000
2520, 0.02366, 0.00000
2521, 0.01845, 0.00000
2522, 0.00655, 0.00000
2523, 0.00885, 0.00000
2524, 0.02230, 0.00000
2525, 0.01023, 0.00000
2526, 0.00240, 0.00000
2527, 0.01980, 0.00000
2528, 0.01045, 0.00000
2529, 0.00405, 0.00000
2530, 0.01115, 0.00000
2531, 0.00110, 0.00000
2532, 0.02399, 0.00000
2533, 0.01890, 0.00000
2534, 0.01083, 0.00000
2535, 0.00010, 0.00000
2536, 0.02234, 0.00000
2537, 0.01840, 0.00000
2538, 0.02221, 0.00000
2539, 0.02411, 0.00000
2540, 0.01261, 0.00000
2541, 0.00030, 0.00000
2542, 0.01100, 0.00000
2543, 0.02210, 0.00000
2544, 0.02438, 0.00010
2545, 0.02416, 0.00000
2546, 0.01680, 0.00000
2547, 0.01760, 0.00000
2548, 0.01798, 0.00000
2549, 0.00580, 0.00000
2550, 0.02355, 0.00000
2551, 0.01689, 0.00000
2552, 0.02092, 0.00000
2553, 0.00840, 0.00000
2554, 0.02237, 0.00000
2555, 0.02502, 0.00010
2556, 0.00676, 0.00000
2557, 0.00812, 0.00000
2558, 0.02421, 0.00000
2559, 0.01667, 0.00000
2560, 0.02508, 0.00000
2561, 0.02497, 0.00010
2562, 0.01423, 0.00000
2563, 0.02555, 0.00000
2564, 0.01066, 0.00000
2565, 0.02402, 0.00000
2566, 0.00170, 0.00000
2567, 0.00656, 0.00000
2568, 0.02470, 0.00000
2569, 0.01211, 0.00000
2570, 0.00010, 0.00000
2571, 0.00720, 0.00000
2572, 0.02216, 0.00000
2573, 0.02426, 0.00000
2574, 0.02392, 0.00000
2575, 0.01632, 0.00000
2576, 0.02705, 0.00000
2577, 0.00690, 0.00000
2578, 0.00725, 0.00000
2579, 0.00270, 0.00000
2580, 0.00010, 0.00000
2581, 0.02451, 0.00000
2582, 0.00210, 0.00000
2583, 0.02436, 0.00000
2584, 0.01726, 0.00010
2585, 0.02336, 0.00000
2586, 0.00550, 0.00000
2587, 0.01216, 0.00000
2588, 0.02507, 0.00000
2589, 0.02313, 0.00000
2590, 0.00030, 0.00000
2591, 0.02546, 0.00000
2592, 0.02417, 0.00000
2593, 0.02316, 0.00000
2594, 0.02262, 0.00000
2595, 0.01446, 0.00000
2596, 0.02296, 0.00000
2597, 0.00340, 0.00000
2598, 0.00836, 0.00000
2599, 0.02261, 0.00010
2600, 0.01671, 0.00000
2601, 0.00820, 0.00000
2602, 0.00276, 0.00000
2603, 0.00230, 0.00000
2604, 0.00996, 0.00000
2605, 0.02482, 0.00000
2606, 0.02438, 0.00000
2607, 0.01702, 0.00000
2608, 0.02302, 0.00000
2609, 0.00450, 0.00000
2610, 0.02433, 0.00000
2611, 0.00500, 0.00000
2612, 0.03497, 0.00000
2613, 0.02358, 0.00000
2614, 0.01296, 0.00000
2615, 0.02091, 0.00000
2616, 0.01736, 0.00000
2617, 0.02556, 0.00000
2618, 0.02729, 0.00000
2619, 0.00140, 0.00000
2620, 0.02870, 0.00000
2621, 0.01135, 0.00000
2622, 0.03067, 0.00000
2623, 0.00995, 0.00000
2624, 0.02765, 0.00000
2625, 0.02911, 0.00010
2626, 0.00585, 0.00000
2627, 0.03022, 0.00000
2628, 0.00955, 0.00000
2629, 0.02866, 0.00000
2630, 0.02682, 0.00000
2631, 0.02996, 0.00000
2632, 0.02184, 0.00000
2633, 0.01724, 0.00000
2634, 0.01290, 0.00000
2635, 0.03036, 0.00000
2636, 0.00530, 0.00000
2637, 0.00705, 0.00000
2638, 0.02141, 0.00000
2639, 0.02613, 0.00000
2640, 0.02571, 0.00000
2641, 0.00345, 0.00000
2642, 0.02110, 0.00000
2643, 0.01605, 0.00000
2644, 0.02886, 0.00000
2645, 0.00515, 0.00000
2646, 0.00160, 0.00000
2647, 0.02554, 0.00000
2648, 0.02590, 0.00000
2649, 0.01787, 0.00000
2650, 0.02713, 0.00000
2651, 0.00985, 0.00000
2652, 0.01145, 0.00000
2653, 0.00020, 0.00000
2654, 0.00220, 0.00000
2655, 0.01305, 0.00000
2656, 0.01557, 0.00000
2657, 0.00540, 0.00000
2658, 0.02836, 0.00000
2659, 0.02906, 0.00000
2660, 0.01829, 0.00000
2661, 0.02839, 0.00000
2662, 0.02576, 0.00000
2663, 0.02586, 0.00000
2664, 0.02550, 0.00000
2665, 0.02701, 0.00000
2666, 0.00846, 0.00000
2667, 0.00715, 0.00010
2668, 0.02559, 0.00000
2669, 0.02556, 0.00000
2670, 0.00830, 0.00000
2671, 0.02590, 0.00000
2672, 0.01860, 0.00000
2673, 0.01105, 0.00000
2674, 0.02631, 0.00000
2675, 0.00681, 0.00000
2676, 0.02580, 0.00000
2677, 0.03112, 0.00000
2678, 0.01127, 0.00000
2679, 0.02653, 0.00000
2680, 0.02311, 0.00000
2681, 0.00862, 0.00000
2682, 0.01153, 0.00000
2683, 0.01690, 0.00000
2684, 0.02746, 0.00000
2685, 0.03073, 0.00000
2686, 0.02111, 0.00000
2687, 0.03802, 0.00000
2688, 0.03676, 0.00000
2689, 0.02971, 0.00010
2690, 0.02746, 0.00000
2691, 0.00230, 0.00000
2692, 0.01541, 0.00000
2693, 0.02576, 0.00000
2694, 0.01475, 0.00000
2695, 0.02446, 0.00000
2696, 0.02417, 0.00000
2697, 0.00030, 0.00000
2698, 0.01859, 0.00000
2699, 0.00330, 0.00000
2700, 0.02466, 0.00000
2701, 0.02510, 0.00010
2702, 0.02286, 0.00000
2703, 0.00375, 0.00000
2704, 0.01011, 0.00000
2705, 0.01095, 0.00000
2706, 0.00020, 0.00000
2707, 0.00965, 0.00000
2708, 0.02210, 0.00000
2709, 0.02596, 0.00000
2710, 0.01808, 0.00000
2711, 0.02381, 0.00000
2712, 0.00470, 0.00000
2713, 0.02485, 0.00000
2714, 0.00420, 0.00000
2715, 0.00140, 0.00000
2716, 0.02453, 0.00010
2717, 0.00340, 0.00000
2718, 0.01726, 0.00000
2719, 0.01772, 0.00000
2720, 0.01910, 0.00000
2721, 0.00945, 0.00000
2722, 0.03126, 0.00000
2723, 0.02550, 0.00000
2724, 0.02516, 0.00000
2725, 0.02471, 0.00010
2726, 0.02456, 0.00000
2727, 0.02386, 0.00000
2728, 0.00040, 0.00010
2729, 0.01275, 0.00000
2730, 0.00115, 0.00000
2731, 0.00040, 0.00000
2732, 0.02591, 0.00000
2733, 0.00653, 0.00000
2734, 0.02572, 0.00000
2735, 0.01082, 0.00010
2736, 0.03649, 0.00000
2737, 0.02341, 0.00010
2738, 0.02776, 0.00000
2739, 0.02502, 0.00000
2740, 0.01006, 0.00000
2741, 0.02492, 0.00000
2742, 0.02458, 0.00000
2743, 0.02361, 0.00000
2744, 0.02493, 0.00000
2745, 0.01196, 0.00000
2746, 0.00650, 0.00000
2747, 0.02348, 0.00000
2748, 0.00110, 0.00000
2749, 0.00886, 0.00000
2750, 0.02471, 0.00000
2751, 0.00060, 0.00000
2752, 0.02572, 0.00000
2753, 0.00200, 0.00000
2754, 0.01781, 0.00000
2755, 0.02392, 0.00000
2756, 0.00060, 0.00000
2757, 0.00646, 0.00000
2758, 0.00130, 0.00000
2759, 0.00945, 0.00000
2760, 0.00655, 0.00000
2761, 0.02460, 0.00000
2762, 0.02546, 0.00000
2763, 0.00811, 0.00000
2764, 0.02318, 0.00000
2765, 0.00680, 0.00000
2766, 0.02297, 0.00000
2767, 0.02441, 0.00000
2768, 0.02542, 0.00000
2769, 0.02591, 0.00000
2770, 0.01441, 0.00000
2771, 0.01515, 0.00000
2772, 0.00000, 0.00000
2773, 0.02575, 0.00000
2774, 0.00765, 0.00000
2775, 0.00790, 0.00000
2776, 0.00285, 0.00000
2777, 0.01326, 0.00000
2778, 0.01395, 0.00000
2779, 0.03067, 0.00000
2780, 0.01946, 0.00000
2781, 0.03056, 0.00000
2782, 0.03051, 0.00000
2783, 0.00160, 0.00000
2784, 0.02790, 0.00000
2785, 0.03016, 0.00005
2786, 0.00135, 0.00000
2787, 0.03176, 0.00000
2788, 0.00695, 0.00000
2789, 0.00110, 0.00000
2790, 0.01463, 0.00000
2791, 0.01036, 0.00000
2792, 0.03310, 0.00000
2793, 0.01016, 0.00000
2794, 0.02600, 0.00000
2795, 0.02706, 0.00000
2796, 0.00110, 0.00000
2797, 0.00600, 0.00000
2798, 0.02516, 0.00000
2799, 0.01990, 0.00000
2800, 0.02299, 0.00000
2801, 0.02841, 0.00000
2802, 0.02718, 0.00000
2803, 0.00500, 0.00000
2804, 0.02041, 0.00000
2805, 0.03601, 0.00000
2806, 0.00765, 0.00000
2807, 0.00320, 0.00000
2808, 0.03397, 0.00000
2809, 0.00285, 0.00000
2810, 0.02742, 0.00000
2811, 0.02540, 0.00000
2812, 0.02293, 0.00000
2813, 0.00635, 0.00000
2814, 0.04348, 0.00010
2815, 0.01330, 0.00000
2816, 0.02640, 0.00000
2817, 0.02601, 0.00000
2818, 0.02637, 0.00000
2819, 0.02372, 0.00010
2820, 0.00912, 0.00000
2821, 0.00500, 0.00000
2822, 0.02857, 0.00000
2823, 0.02249, 0.00000
2824, 0.01831, 0.00000
2825, 0.00100, 0.00000
2826, 0.02658, 0.00000
2827, 0.00575, 0.00000
2828, 0.00085, 0.00010
2829, 0.02641, 0.00000
2830, 0.02581, 0.00010
2831, 0.02427, 0.00000
2832, 0.02416, 0.00000
2833, 0.01326, 0.00000
2834, 0.00290, 0.00000
2835, 0.00276, 0.00000
2836, 0.02791, 0.00000
2837, 0.02996, 0.00010
2838, 0.00295, 0.00000
2839, 0.03122, 0.00000
2840, 0.02946, 0.00000
2841, 0.02976, 0.00000
2842, 0.02991, 0.00000
2843, 0.01770, 0.00000
2844, 0.02989, 0.00000
2845, 0.02371, 0.00000
2846, 0.01516, 0.00010
2847, 0.03057, 0.00000
2848, 0.03026, 0.00000
2849, 0.02240, 0.00000
2850, 0.02670, 0.00000
2851, 0.02543, 0.00000
2852, 0.02380, 0.00000
2853, 0.02421, 0.00000
2854, 0.01125, 0.00000
2855, 0.02290, 0.00000
2856, 0.02562, 0.00010
2857, 0.02262, 0.00000
2858, 0.01729, 0.00000
2859, 0.00945, 0.00000
2860, 0.00765, 0.00000
2861, 0.01410, 0.00010
2862, 0.00270, 0.00000
2863, 0.00330, 0.00000
2864, 0.00450, 0.00015
2865, 0.01591, 0.00000
2866, 0.02288, 0.00000
2867, 0.00040, 0.00000
2868, 0.00010, 0.00000
2869, 0.01616, 0.00000
2870, 0.02483, 0.00000
2871, 0.01125, 0.00000
2872, 0.01701, 0.00000
2873, 0.00070, 0.00000
2874, 0.00580, 0.00000
2875, 0.01491, 0.00010
2876, 0.02963, 0.00000
2877, 0.02886, 0.00000
2878, 0.02697, 0.00000
2879, 0.02929, 0.00000
2880, 0.01400, 0.00000
2881, 0.02588, 0.00000
2882, 0.01551, 0.00000
2883, 0.00210, 0.00000
2884, 0.02836, 0.00000
2885, 0.00975, 0.00000
2886, 0.00470, 0.00010
2887, 0.02872, 0.00000
2888, 0.02592, 0.00000
2889, 0.01325, 0.00000
2890, 0.02510, 0.00000
2891, 0.02651, 0.00000
2892, 0.02466, 0.00000
2893, 0.00620, 0.00000
2894, 0.02562, 0.00000
2895, 0.01275, 0.00000
2896, 0.02436, 0.00010
2897, 0.02471, 0.00000
2898, 0.02618, 0.00010
2899, 0.01105, 0.00000
2900, 0.00215, 0.00000
2901, 0.01341, 0.00010
2902, 0.01215, 0.00000
2903, 0.02376, 0.00000
2904, 0.02456, 0.00000
2905, 0.02517, 0.00000
2906, 0.02546, 0.00000
2907, 0.00140, 0.00000
2908, 0.00250, 0.00000
2909, 0.01275, 0.00000
2910, 0.01367, 0.00000
2911, 0.01585, 0.00000
2912, 0.00315, 0.00000
2913, 0.02377, 0.00000
2914, 0.01901, 0.00000
2915, 0.02666, 0.00000
2916, 0.02465, 0.00000
2917, 0.00994, 0.00000
2918, 0.00805, 0.00000
2919, 0.00985, 0.00010
2920, 0.00390, 0.00000
2921, 0.00220, 0.00000
2922, 0.00365, 0.00000
2923, 0.01216, 0.00000
2924, 0.00955, 0.00000
2925, 0.02481, 0.00000
2926, 0.02386, 0.00000
2927, 0.00199, 0.00000
2928, 0.02411, 0.00000
2929, 0.00505, 0.00000
2930, 0.00450, 0.00000
2931, 0.01811, 0.00000
2932, 0.02436, 0.00000
2933, 0.00200, 0.00000
2934, 0.02381, 0.00000
2935, 0.00240, 0.00000
2936, 0.00222, 0.00000
2937, 0.02427, 0.00000
2938, 0.01205, 0.00000
2939, 0.02313, 0.00000
2940, 0.02540, 0.00000
2941, 0.02403, 0.00000
2942, 0.02650, 0.00000
2943, 0.01751, 0.00000
2944, 0.00110, 0.00000
2945, 0.00160, 0.00000
2946, 0.00020, 0.00000
2947, 0.02396, 0.00000
2948, 0.01225, 0.00000
2949, 0.00803, 0.00000
2950, 0.02629, 0.00000
2951, 0.00686, 0.00000
2952, 0.02300, 0.00000
2953, 0.01328, 0.00000
2954, 0.01555, 0.00000
2955, 0.00985, 0.00000
2956, 0.00010, 0.00010
2957, 0.01324, 0.00000
2958, 0.01161, 0.00000
2959, 0.02390, 0.00010
2960, 0.01581, 0.00000
2961, 0.00130, 0.00000
2962, 0.02381, 0.00010
2963, 0.00405, 0.00000
2964, 0.02436, 0.00000
2965, 0.02702, 0.00000
2966, 0.02560, 0.00000
2967, 0.01496, 0.00000
2968, 0.01780, 0.00000
2969, 0.00960, 0.00000
2970, 0.02546, 0.00000
2971, 0.00535, 0.00000
2972, 0.02507, 0.00000
2973, 0.01621, 0.00000
2974, 0.02500, 0.00000
2975, 0.02562, 0.00000
2976, 0.02538, 0.00000
2977, 0.02536, 0.00000
2978, 0.02421, 0.00000
2979, 0.01215, 0.00000
2980, 0.02113, 0.00000
2981, 0.00935, 0.00000
2982, 0.01045, 0.00000
2983, 0.00991, 0.00000
2984, 0.02520, 0.00000
2985, 0.01991, 0.00000
2986, 0.02496, 0.00000
2987, 0.01025, 0.00000
2988, 0.00070, 0.00000
2989, 0.00440, 0.00000
2990, 0.00425, 0.00000
2991, 0.00910, 0.00000
2992, 0.02430, 0.00000
2993, 0.00805, 0.00000
2994, 0.00080, 0.00000
2995, 0.00370, 0.00000
2996, 0.02716, 0.00000
2997, 0.02041, 0.00000
2998, 0.02280, 0.00000
2999, 0.02486, 0.00000
3000, 0.01484, 0.00000
3001, 0.02436, 0.00000
3002, 0.01315, 0.00000
3003, 0.02501, 0.00010
3004, 0.00365, 0.00000
3005, 0.01731, 0.00000
3006, 0.01225, 0.00008
3007, 0.02390, 0.00010
3008, 0.00385, 0.00000
3009, 0.00760, 0.00000
3010, 0.00265, 0.00000
3011, 0.02530, 0.00000
3012, 0.02476, 0.00000
3013, 0.01591, 0.00000
3014, 0.02481, 0.00000
3015, 0.00280, 0.00000
3016, 0.02622, 0.00000
3017, 0.02190, 0.00000
3018, 0.00710, 0.00000
3019, 0.00020, 0.00000
3020, 0.01851, 0.00000
3021, 0.01394, 0.00000
3022, 0.00995, 0.00000
3023, 0.00815, 0.00000
3024, 0.01025, 0.00000
3025, 0.01525, 0.00000
3026, 0.02616, 0.00000
3027, 0.01642, 0.00000
3028, 0.01055, 0.00000
3029, 0.00670, 0.00000
3030, 0.00535, 0.00010
3031, 0.02091, 0.00000
3032, 0.02450, 0.00000
3033, 0.00030, 0.00000
3034, 0.02270, 0.00000
3035, 0.02581, 0.00000
3036, 0.00715, 0.00000
3037, 0.01575, 0.00000
3038, 0.00255, 0.00000
3039, 0.01215, 0.00000
3040, 0.00430, 0.00000
3041, 0.02561, 0.00000
3042, 0.01265, 0.00000
3043, 0.00310, 0.00000
3044, 0.02930, 0.00000
3045, 0.00885, 0.00000
3046, 0.02866, 0.00010
3047, 0.00485, 0.00000
3048, 0.02617, 0.00000
3049, 0.03001, 0.00000
3050, 0.01400, 0.00000
3051, 0.00610, 0.00000
3052, 0.03041, 0.00000
3053, 0.00565, 0.00000
3054, 0.02287, 0.00000
3055, 0.00485, 0.00000
3056, 0.00400, 0.00000
3057, 0.03226, 0.00000
3058, 0.04247, 0.00000
3059, 0.03531, 0.00000
3060, 0.00895, 0.00000
3061, 0.03125, 0.00000
3062, 0.00986, 0.00000
3063, 0.02902, 0.00000
3064, 0.02470, 0.00000
3065, 0.00915, 0.00010
3066, 0.01401, 0.00000
3067, 0.02500, 0.00010
3068, 0.02666, 0.00000
3069, 0.01323, 0.00000
3070, 0.02806, 0.00000
3071, 0.01461, 0.00000
3072, 0.03691, 0.00000
3073, 0.02634, 0.00000
3074, 0.01555, 0.00000
3075, 0.00255, 0.00000
3076, 0.03027, 0.00000
3077, 0.00830, 0.00010
3078, 0.02803, 0.00000
3079, 0.01691, 0.00000
3080, 0.02956, 0.00000
3081, 0.01915, 0.00000
3082, 0.02510, 0.00000
3083, 0.00935, 0.00000
3084, 0.00545, 0.00000
3085, 0.01701, 0.00010
3086, 0.01824, 0.00000
3087, 0.02156, 0.00000
3088, 0.02257, 0.00000
3089, 0.02358, 0.00000
3090, 0.00686, 0.00000
3091, 0.02482, 0.00000
3092, 0.02832, 0.00000
3093, 0.02147, 0.00000
3094, 0.02346, 0.00000
3095, 0.02487, 0.00010
3096, 0.02746, 0.00000
3097, 0.00210, 0.00000
3098, 0.01175, 0.00000
3099, 0.00345, 0.00000
3100, 0.00770, 0.00000
3101, 0.01299, 0.00000
3102, 0.03327, 0.00000
3103, 0.00936, 0.00000
3104, 0.03076, 0.00000
3105, 0.00995, 0.00000
3106, 0.02632, 0.00000
3107, 0.03424, 0.00000
3108, 0.00150, 0.00000
3109, 0.02161, 0.00000
3110, 0.01490, 0.00010
3111, 0.01841, 0.00000
3112, 0.01931, 0.00000
3113, 0.02026, 0.00000
3114, 0.00630, 0.00000
3115, 0.00110, 0.00000
3116, 0.02463, 0.00000
3117, 0.00696, 0.00000
3118, 0.02891, 0.00000
3119, 0.01002, 0.00000
3120, 0.02727, 0.00000
3121, 0.00945, 0.00000
3122, 0.00486, 0.00000
3123, 0.01690, 0.00010
3124, 0.01115, 0.00000
3125, 0.02605, 0.00000
3126, 0.01245, 0.00000
3127, 0.02496, 0.00000
3128, 0.00610, 0.00000
3129, 0.02652, 0.00000
3130, 0.00300, 0.00000
3131, 0.02620, 0.00000
3132, 0.01425, 0.00000
3133, 0.02423, 0.00000
3134, 0.00070, 0.00000
3135, 0.02626, 0.00000
3136, 0.01595, 0.00000
3137, 0.01104, 0.00010
3138, 0.00305, 0.00000
3139, 0.02506, 0.00000
3140, 0.01402, 0.00000
3141, 0.00485, 0.00000
3142, 0.00530, 0.00000
3143, 0.02604, 0.00000
3144, 0.02151, 0.00000
3145, 0.01566, 0.00000
3146, 0.02551, 0.00000
3147, 0.01687, 0.00000
3148, 0.00490, 0.00000
3149, 0.02596, 0.00000
3150, 0.00070, 0.00000
3151, 0.02720, 0.00000
3152, 0.00590, 0.00000
3153, 0.02422, 0.00000
3154, 0.01465, 0.00000
3155, 0.01837, 0.00000
3156, 0.02823, 0.00000
3157, 0.02309, 0.00000
3158, 0.00286, 0.00000
3159, 0.01706, 0.00000
3160, 0.02753, 0.00010
3161, 0.02716, 0.00010
3162, 0.01475, 0.00000
3163, 0.02722, 0.00000
3164, 0.02654, 0.00000
3165, 0.01635, 0.00000
3166, 0.01661, 0.00000
3167, 0.00120, 0.00000
3168, 0.01285, 0.00010
3169, 0.00306, 0.00000
3170, 0.02298, 0.00000
3171, 0.01156, 0.00000
3172, 0.03354, 0.00000
3173, 0.02846, 0.00000
3174, 0.00581, 0.00000
3175, 0.03587, 0.00000
3176, 0.00465, 0.00000
3177, 0.02906, 0.00000
3178, 0.02965, 0.00000
3179, 0.02641, 0.00000
3180, 0.01210, 0.00000
3181, 0.00550, 0.00000
3182, 0.02846, 0.00000
3183, 0.01890, 0.00000
3184, 0.01389, 0.00000
3185, 0.02642, 0.00000
3186, 0.00000, 0.00000
3187, 0.00555, 0.00000
3188, 0.00650, 0.00000
3189, 0.00260, 0.00000
3190, 0.01751, 0.00000
3191, 0.02583, 0.00000
3192, 0.00460, 0.00000
3193, 0.03139, 0.00010
3194, 0.02316, 0.00000
3195, 0.01115, 0.00000
3196, 0.02388, 0.00000
3197, 0.01826, 0.00000
3198, 0.02486, 0.00000
3199, 0.02128, 0.00010
3200, 0.02500, 0.00000
3201, 0.02309, 0.00000
3202, 0.01190, 0.00000
3203, 0.02841, 0.00000
3204, 0.00996, 0.00000
3205, 0.00340, 0.00000
3206, 0.00610, 0.00000
3207, 0.03212, 0.00000
3208, 0.02536, 0.00000
3209, 0.01648, 0.00010
3210, 0.02611, 0.00000
3211, 0.01193, 0.00015
3212, 0.01891, 0.00000
3213, 0.00410, 0.00000
3214, 0.02662, 0.00000
3215, 0.02551, 0.00000
3216, 0.00020, 0.00010
3217, 0.02402, 0.00000
3218, 0.02080, 0.00000
3219, 0.02540, 0.00000
3220, 0.02346, 0.00000
3221, 0.00640, 0.00000
3222, 0.00875, 0.00000
3223, 0.01075, 0.00000
3224, 0.02578, 0.00000
3225, 0.02317, 0.00000
3226, 0.02311, 0.00000
3227, 0.01201, 0.00000
3228, 0.02284, 0.00000
3229, 0.02282, 0.00000
3230, 0.00270, 0.00000
3231, 0.01112, 0.00000
3232, 0.00390, 0.00000
3233, 0.01276, 0.00000
3234, 0.00250, 0.00000
3235, 0.01362, 0.00000
3236, 0.02332, 0.00000
3237, 0.00426, 0.00000
3238, 0.01756, 0.00000
3239, 0.02946, 0.00000
3240, 0.00000, 0.00000
3241, 0.01092, 0.00000
3242, 0.00825, 0.00000
3243, 0.01860, 0.00000
3244, 0.00925, 0.00000
3245, 0.02496, 0.00000
3246, 0.01970, 0.00000
3247, 0.01080, 0.00000
3248, 0.02430, 0.00000
3249, 0.00420, 0.00000
3250, 0.00565, 0.00000
3251, 0.00461, 0.00000
3252, 0.01748, 0.00000
3253, 0.00050, 0.00000
3254, 0.02251, 0.00000
3255, 0.02037, 0.00000
3256, 0.01410, 0.00000
3257, 0.02459, 0.00000
3258, 0.02586, 0.00000
3259, 0.03367, 0.00000
3260, 0.00210, 0.00000
3261, 0.00545, 0.00000
3262, 0.00958, 0.00000
3263, 0.02220, 0.00000
3264, 0.00955, 0.00000
3265, 0.02420, 0.00000
3266, 0.03351, 0.00000
3267, 0.00350, 0.00000
3268, 0.01790, 0.00000
3269, 0.03076, 0.00000
3270, 0.03771, 0.00010
3271, 0.04638, 0.00000
3272, 0.03352, 0.00010
3273, 0.03329, 0.00000
3274, 0.03102, 0.00000
3275, 0.01241, 0.00000
3276, 0.02867, 0.00010
3277, 0.02137, 0.00000
3278, 0.01865, 0.00000
3279, 0.00835, 0.00000
3280, 0.02671, 0.00000
3281, 0.01516, 0.00000
3282, 0.00815, 0.00000
3283, 0.02008, 0.00010
3284, 0.00205, 0.00000
3285, 0.02981, 0.00000
3286, 0.00330, 0.00000
3287, 0.00755, 0.00000
3288, 0.02986, 0.00000
3289, 0.01842, 0.00010
3290, 0.00325, 0.00000
3291, 0.00010, 0.00000
3292, 0.02836, 0.00000
3293, 0.03206, 0.00000
3294, 0.02936, 0.00000
3295, 0.03242, 0.00000
3296, 0.00865, 0.00000
3297, 0.04693, 0.00000
3298, 0.03677, 0.00000
3299, 0.01959, 0.00010
3300, 0.01112, 0.00000
3301, 0.02040, 0.00000
3302, 0.02526, 0.00000
3303, 0.01727, 0.00010
3304, 0.02581, 0.00000
3305, 0.02376, 0.00000
3306, 0.02491, 0.00000
3307, 0.02395, 0.00000
3308, 0.00575, 0.00000
3309, 0.02421, 0.00000
3310, 0.00485, 0.00000
3311, 0.02211, 0.00000
3312, 0.02600, 0.00000
3313, 0.00661, 0.00000
3314, 0.00949, 0.00000
3315, 0.02336, 0.00000
3316, 0.00260, 0.00000
3317, 0.01475, 0.00000
3318, 0.02536, 0.00000
3319, 0.02996, 0.00000
3320, 0.02986, 0.00010
3321, 0.02321, 0.00000
3322, 0.00020, 0.00000
3323, 0.02682, 0.00000
3324, 0.02171, 0.00000
3325, 0.00945, 0.00000
3326, 0.00340, 0.00000
3327, 0.00225, 0.00000
3328, 0.00030, 0.00000
3329, 0.02699, 0.00000
3330, 0.00775, 0.00000
3331, 0.04042, 0.00000
3332, 0.00305, 0.00000
3333, 0.02796, 0.00000
3334, 0.02434, 0.00000
3335, 0.00580, 0.00000
3336, 0.02306, 0.00000
3337, 0.03192, 0.00000
3338, 0.03895, 0.00000
3339, 0.03537, 0.00010
3340, 0.02656, 0.00000
3341, 0.01161, 0.00000
3342, 0.02957, 0.00000
3343, 0.00180, 0.00000
3344, 0.00999, 0.00000
3345, 0.00755, 0.00000
3346, 0.02956, 0.00000
3347, 0.00160, 0.00000
3348, 0.01281, 0.00000
3349, 0.02976, 0.00000
3350, 0.03034, 0.00000
3351, 0.01025, 0.00000
3352, 0.02521, 0.00000
3353, 0.02833, 0.00000
3354, 0.01737, 0.00000
3355, 0.01166, 0.00000
3356, 0.02992, 0.00000
3357, 0.00260, 0.00000
3358, 0.00792, 0.00010
3359, 0.02766, 0.00000
3360, 0.02167, 0.00000
3361, 0.03051, 0.00000
3362, 0.02946, 0.00010
3363, 0.02519, 0.00000
3364, 0.01318, 0.00000
3365, 0.03776, 0.00000
3366, 0.03156, 0.00000
3367, 0.03211, 0.00000
3368, 0.00360, 0.00000
3369, 0.01422, 0.00000
3370, 0.00975, 0.00010
3371, 0.00355, 0.00000
3372, 0.00070, 0.00000
3373, 0.03052, 0.00000
3374, 0.02351, 0.00000
3375, 0.02602, 0.00000
3376, 0.00635, 0.00000
3377, 0.02761, 0.00000
3378, 0.02526, 0.00010
3379, 0.02578, 0.00000
3380, 0.02576, 0.00000
3381, 0.01355, 0.00000
3382, 0.02491, 0.00000
3383, 0.02561, 0.00000
3384, 0.00745, 0.00000
3385, 0.03136, 0.00000
3386, 0.03410, 0.00000
3387, 0.01615, 0.00000
3388, 0.02756, 0.00000
3389, 0.00400, 0.00000
3390, 0.02666, 0.00000
3391, 0.00797, 0.00000
3392, 0.00089, 0.00000
3393, 0.03022, 0.00000
3394, 0.02608, 0.00010
3395, 0.03084, 0.00000
3396, 0.02081, 0.00000
3397, 0.01848, 0.00000
3398, 0.02258, 0.00000
3399, 0.01711, 0.00000
3400, 0.02111, 0.00000
3401, 0.02678, 0.00010
3402, 0.00475, 0.00000
3403, 0.01185, 0.00000
3404, 0.02676, 0.00000
3405, 0.00730, 0.00000
3406, 0.00875, 0.00000
3407, 0.00515, 0.00000
3408, 0.03031, 0.00000
3409, 0.05059, 0.00000
3410, 0.02743, 0.00010
3411, 0.03046, 0.00000
3412, 0.00010, 0.00000
3413, 0.02936, 0.00010
3414, 0.02673, 0.00000
3415, 0.00925, 0.00000
3416, 0.00020, 0.00000
3417, 0.02646, 0.00000
3418, 0.02486, 0.00000
3419, 0.02266, 0.00000
3420, 0.02586, 0.00000
3421, 0.03181, 0.00000
3422, 0.02756, 0.00000
3423, 0.01480, 0.00000
3424, 0.02599, 0.00000
3425, 0.02503, 0.00000
3426, 0.01155, 0.00000
3427, 0.02556, 0.00000
3428, 0.02337, 0.00000
3429, 0.00951, 0.00000
3430, 0.00765, 0.00000
3431, 0.01675, 0.00000
3432, 0.00541, 0.00000
3433, 0.03982, 0.00000
3434, 0.02876, 0.00010
3435, 0.01515, 0.00000
3436, 0.00625, 0.00000
3437, 0.01800, 0.00000
3438, 0.01980, 0.00000
3439, 0.02756, 0.00000
3440, 0.02643, 0.00000
3441, 0.00935, 0.00000
3442, 0.00390, 0.00000
3443, 0.00375, 0.00000
3444, 0.00160, 0.00000
3445, 0.01225, 0.00000
3446, 0.02522, 0.00010
3447, 0.00670, 0.00000
3448, 0.03133, 0.00000
3449, 0.01581, 0.00000
3450, 0.00010, 0.00000
3451, 0.02913, 0.00000
3452, 0.00180, 0.00000
3453, 0.00615, 0.00000
3454, 0.02408, 0.00000
3455, 0.00461, 0.00000
3456, 0.02341, 0.00000
3457, 0.01545, 0.00000
3458, 0.02531, 0.00000
3459, 0.00430, 0.00000
3460, 0.00925, 0.00000
3461, 0.00720, 0.00000
3462, 0.00671, 0.00010
3463, 0.02631, 0.00000
3464, 0.01587, 0.00000
3465, 0.02806, 0.00000
3466, 0.02088, 0.00000
3467, 0.01970, 0.00000
3468, 0.03516, 0.00000
3469, 0.01640, 0.00000
3470, 0.00070, 0.00000
3471, 0.01376, 0.00010
3472, 0.00175, 0.00000
3473, 0.02886, 0.00000
3474, 0.02383, 0.00000
3475, 0.01075, 0.00000
3476, 0.02275, 0.00000
3477, 0.00895, 0.00000
3478, 0.01921, 0.00000
3479, 0.00465, 0.00000
3480, 0.02136, 0.00000
3481, 0.02530, 0.00000
3482, 0.01417, 0.00000
3483, 0.02590, 0.00000
3484, 0.01195, 0.00000
3485, 0.00905, 0.00000
3486, 0.01115, 0.00000
3487, 0.02663, 0.00000
3488, 0.01372, 0.00000
3489, 0.02566, 0.00000
3490, 0.00515, 0.00000
3491, 0.02701, 0.00000
3492, 0.02665, 0.00000
3493, 0.02626, 0.00000
3494, 0.00390, 0.00000
3495, 0.02909, 0.00000
3496, 0.02986, 0.00000
3497, 0.03379, 0.00000
3498, 0.00240, 0.00000
3499, 0.02370, 0.00000
3500, 0.02021, 0.00000
3501, 0.00520, 0.00000
3502, 0.02593, 0.00000
3503, 0.01970, 0.00000
3504, 0.01730, 0.00000
3505, 0.00100, 0.00010
3506, 0.00520, 0.00010
3507, 0.01390, 0.00000
3508, 0.03224, 0.00000
3509, 0.02070, 0.00000
3510, 0.01235, 0.00000
3511, 0.00405, 0.00000
3512, 0.01035, 0.00000
3513, 0.02550, 0.00000
3514, 0.00210, 0.00000
3515, 0.03016, 0.00000
3516, 0.00355, 0.00000
3517, 0.02705, 0.00000
3518, 0.02671, 0.00000
3519, 0.02813, 0.00010
3520, 0.00896, 0.00000
3521, 0.00070, 0.00000
3522, 0.01819, 0.00000
3523, 0.00240, 0.00000
3524, 0.03271, 0.00000
3525, 0.02838, 0.00000
3526, 0.00160, 0.00000
3527, 0.03012, 0.00000
3528, 0.01301, 0.00000
3529, 0.05048, 0.00000
3530, 0.04070, 0.00000
3531, 0.00600, 0.00000
3532, 0.03618, 0.00000
3533, 0.00190, 0.00000
3534, 0.02551, 0.00010
3535, 0.02706, 0.00000
3536, 0.00933, 0.00000
3537, 0.02667, 0.00000
3538, 0.00020, 0.00000
3539, 0.02612, 0.00000
3540, 0.01585, 0.00000
3541, 0.00676, 0.00000
3542, 0.00855, 0.00000
3543, 0.00070, 0.00000
3544, 0.02510, 0.00000
3545, 0.02020, 0.00000
3546, 0.02290, 0.00000
3547, 0.02699, 0.00000
3548, 0.02426, 0.00010
3549, 0.02170, 0.00000
3550, 0.00050, 0.00000
3551, 0.02666, 0.00000
3552, 0.00386, 0.00000
3553, 0.00000, 0.00000
3554, 0.02716, 0.00000
3555, 0.02681, 0.00010
3556, 0.00175, 0.00000
3557, 0.02366, 0.00000
3558, 0.01781, 0.00000
3559, 0.01967, 0.00000
3560, 0.02155, 0.00000
3561, 0.02560, 0.00000
3562, 0.00655, 0.00000
3563, 0.02676, 0.00000
3564, 0.02350, 0.00000
3565, 0.02561, 0.00010
3566, 0.02741, 0.00010
3567, 0.01489, 0.00000
3568, 0.01215, 0.00000
3569, 0.00555, 0.00000
3570, 0.00400, 0.00000
3571, 0.01265, 0.00000
3572, 0.02651, 0.00000
3573, 0.00445, 0.00000
3574, 0.00490, 0.00000
3575, 0.00210, 0.00000
